product_id,received_date,on_hand,reorder_point
1,2025-05-14,186,43
2,2025-02-05,185,82
3,2025-05-24,12,96
4,2025-02-14,461,27
5,2025-06-02,200,60
6,2025-01-02,405,96
7,2025-06-13,500,84
8,2024-12-25,349,93
9,2025-04-01,319,33
10,2025-09-08,383,63
11,2024-10-19,440,99
12,2024-12-26,24,91
13,2025-01-26,168,86
14,2025-02-27,168,87
15,2025-02-16,282,31
16,2025-04-20,261,73
17,2025-08-08,35,32
18,2025-08-26,456,97
19,2025-06-21,152,85
20,2024-09-09,164,49
21,2025-01-18,485,42
22,2025-08-04,186,88
23,2024-11-21,278,53
24,2025-04-10,6,21
25,2025-03-04,79,28
26,2025-08-05,64,44
27,2025-06-11,269,98
28,2025-01-25,56,39
29,2025-02-18,83,72
30,2024-10-04,47,85
31,2025-05-16,245,39
32,2025-02-16,451,69
33,2025-08-29,49,52
34,2025-03-26,88,100
35,2025-05-06,426,61
36,2024-10-15,269,40
37,2025-02-02,497,54
38,2025-07-16,213,20
39,2025-01-24,500,32
40,2025-03-09,402,39
41,2025-01-13,489,90
42,2024-09-22,320,98
43,2024-10-29,2,47
44,2025-04-16,432,99
45,2025-07-28,169,55
46,2025-02-26,149,54
47,2025-04-26,312,25
48,2025-02-20,430,99
49,2025-05-30,39,27
50,2024-09-25,149,38
51,2025-03-15,208,75
52,2025-05-21,282,26
53,2024-09-20,345,62
54,2025-06-06,249,65
55,2024-12-16,460,61
56,2025-03-11,478,41
57,2024-11-12,88,56
58,2025-01-08,429,28
59,2025-05-25,397,72
60,2025-02-11,460,57
61,2025-04-17,265,78
62,2025-02-05,242,74
63,2024-10-24,70,25
64,2025-08-29,149,49
65,2025-02-28,300,89
66,2024-12-16,389,57
67,2025-01-22,72,97
68,2025-05-27,417,66
69,2025-02-11,113,25
70,2025-08-30,480,40
71,2025-04-29,377,42
72,2025-08-05,482,57
73,2025-07-30,275,54
74,2024-12-15,50,88
75,2025-06-18,221,57
76,2025-05-30,115,27
77,2024-11-17,356,66
78,2025-04-10,352,81
79,2024-09-27,463,68
80,2025-01-02,492,40
81,2025-06-16,171,59
82,2025-02-04,145,27
83,2024-09-23,117,20
84,2025-05-14,357,83
85,2025-03-23,397,96
86,2025-07-26,328,28
87,2025-08-18,465,66
88,2025-05-03,386,77
89,2025-06-07,253,39
90,2025-02-24,427,98
91,2025-03-12,58,90
92,2024-10-20,119,96
93,2024-12-06,463,38
94,2025-06-10,102,96
95,2025-01-05,374,96
96,2024-11-12,7,84
97,2024-11-19,58,86
98,2025-03-08,151,57
99,2025-01-04,454,41
100,2025-09-04,114,83
101,2025-08-22,375,79
102,2024-10-30,478,56
103,2024-12-16,300,53
104,2025-08-14,308,27
105,2025-06-17,208,89
106,2025-05-12,252,96
107,2025-09-01,344,43
108,2025-02-14,243,75
109,2025-08-05,275,96
110,2025-04-19,124,51
111,2024-09-11,196,83
112,2025-07-30,377,74
113,2025-02-16,495,58
114,2024-10-09,14,24
115,2025-03-11,323,58
116,2025-02-26,25,85
117,2025-03-15,266,24
118,2025-07-19,99,54
119,2025-07-11,160,37
120,2025-06-13,50,64
121,2024-09-25,298,30
122,2025-04-28,179,35
123,2025-02-17,431,94
124,2024-12-02,249,89
125,2025-08-02,249,38
126,2024-11-24,52,30
127,2024-12-17,211,77
128,2025-07-05,270,70
129,2025-03-18,54,95
130,2025-02-17,157,56
131,2024-10-30,11,56
132,2025-05-07,213,34
133,2025-04-04,397,48
134,2025-06-27,361,63
135,2025-05-09,157,99
136,2024-10-07,289,73
137,2024-10-25,272,57
138,2024-11-09,39,23
139,2025-03-23,54,49
140,2024-12-31,472,52
141,2024-12-18,294,75
142,2025-06-25,375,54
143,2025-07-02,54,59
144,2024-10-26,367,35
145,2025-08-24,276,59
146,2024-10-31,295,65
147,2024-09-17,15,33
148,2025-01-16,100,49
149,2025-08-25,187,21
150,2024-10-18,105,63
151,2025-01-05,197,94
152,2025-03-19,481,94
153,2025-03-08,120,38
154,2024-10-10,416,55
155,2025-06-04,117,77
156,2025-05-12,173,46
157,2025-06-23,78,91
158,2024-09-16,475,24
159,2025-04-15,361,51
160,2025-03-26,131,85
161,2024-10-27,6,90
162,2025-03-09,492,84
163,2025-09-09,34,26
164,2025-08-24,6,77
165,2024-10-04,51,98
166,2025-05-22,10,24
167,2025-06-08,200,57
168,2025-03-27,66,44
169,2025-01-29,12,79
170,2025-02-05,57,53
171,2025-04-07,430,69
172,2025-03-12,83,38
173,2024-11-06,45,69
174,2025-08-12,178,83
175,2025-04-07,158,61
176,2025-08-14,138,34
177,2025-03-29,39,45
178,2025-05-07,406,37
179,2025-02-23,474,69
180,2025-05-16,366,58
181,2025-08-24,351,64
182,2024-10-29,129,27
183,2025-05-16,25,33
184,2024-12-29,216,67
185,2025-01-03,204,76
186,2024-11-15,20,75
187,2025-08-11,212,83
188,2024-11-25,359,51
189,2024-11-22,86,94
190,2025-02-16,475,83
191,2025-01-18,393,85
192,2025-01-18,468,42
193,2025-08-10,214,38
194,2024-10-24,107,82
195,2025-08-17,288,55
196,2025-05-17,489,93
197,2024-11-05,52,37
198,2024-10-17,37,92
199,2025-02-12,62,29
200,2024-12-25,353,76
201,2025-03-22,376,39
202,2024-11-15,423,54
203,2025-03-06,318,67
204,2025-05-31,324,90
205,2025-04-02,133,84
206,2025-01-11,413,35
207,2024-10-26,182,77
208,2025-03-30,412,95
209,2025-07-24,482,83
210,2024-12-19,318,86
211,2024-10-22,112,62
212,2024-11-15,401,29
213,2025-01-13,79,55
214,2024-11-30,468,66
215,2024-12-31,349,83
216,2025-03-08,468,66
217,2025-02-17,284,27
218,2024-10-28,467,94
219,2025-09-01,313,62
220,2025-02-14,283,45
221,2024-12-28,250,44
222,2025-08-13,67,20
223,2025-06-25,23,31
224,2025-01-05,411,100
225,2025-09-07,117,24
226,2025-04-13,226,76
227,2024-12-06,58,69
228,2025-06-08,416,24
229,2024-11-12,253,98
230,2024-10-20,212,25
231,2025-03-26,222,85
232,2024-12-05,42,65
233,2024-09-11,137,59
234,2025-04-11,194,78
235,2025-07-20,58,72
236,2024-10-07,215,95
237,2024-12-18,109,32
238,2025-02-06,432,29
239,2025-04-25,37,73
240,2025-02-07,95,87
241,2025-06-06,482,57
242,2024-11-25,134,51
243,2025-06-09,254,75
244,2024-12-26,117,31
245,2025-04-07,426,50
246,2024-11-03,456,81
247,2025-09-02,56,50
248,2025-07-21,326,73
249,2024-12-20,273,76
250,2025-03-20,25,55
251,2025-08-10,450,73
252,2024-11-21,214,68
253,2025-02-23,164,91
254,2025-04-28,96,73
255,2025-01-27,469,72
256,2024-10-19,12,78
257,2024-10-15,280,68
258,2024-11-30,218,37
259,2025-08-10,102,72
260,2025-04-04,374,62
261,2025-03-10,47,46
262,2025-07-05,96,22
263,2025-02-06,37,89
264,2025-07-29,188,27
265,2025-04-07,104,75
266,2025-08-14,404,44
267,2025-02-26,105,20
268,2025-08-11,225,53
269,2025-08-10,394,96
270,2025-01-03,381,88
271,2024-11-07,395,82
272,2024-12-12,278,89
273,2024-12-16,324,46
274,2025-02-12,222,43
275,2024-11-21,185,74
276,2025-04-27,392,21
277,2025-01-14,327,45
278,2025-02-05,234,37
279,2025-04-26,258,99
280,2025-05-10,88,66
281,2025-07-12,136,80
282,2025-03-13,252,33
283,2024-12-30,358,28
284,2025-03-26,488,26
285,2024-10-08,29,51
286,2024-11-26,180,29
287,2025-01-25,471,55
288,2024-12-16,392,27
289,2024-10-27,426,20
290,2025-06-24,194,49
291,2025-07-15,131,35
292,2025-04-08,199,60
293,2024-10-28,310,50
294,2024-12-03,156,80
295,2025-08-29,26,63
296,2025-07-02,476,24
297,2024-10-05,374,51
298,2024-12-22,285,54
299,2025-05-23,453,49
300,2024-09-28,489,72
301,2025-02-11,146,70
302,2025-07-01,479,93
303,2024-09-30,417,76
304,2024-12-23,443,37
305,2024-12-22,48,78
306,2024-11-21,234,69
307,2025-06-16,351,83
308,2024-11-10,38,25
309,2025-05-18,250,32
310,2024-10-15,308,43
311,2025-06-06,435,52
312,2025-02-13,233,92
313,2025-03-21,417,89
314,2025-04-27,2,80
315,2025-02-21,240,99
316,2024-10-11,253,21
317,2024-10-06,482,69
318,2025-07-12,230,31
319,2025-07-20,395,72
320,2024-10-12,204,24
321,2025-03-30,49,27
322,2025-06-24,142,28
323,2025-03-08,168,99
324,2025-03-28,68,43
325,2024-11-01,377,24
326,2025-04-13,69,49
327,2024-12-06,224,86
328,2025-02-20,91,60
329,2025-03-04,150,64
330,2025-05-14,101,56
331,2025-07-10,109,42
332,2024-10-18,473,94
333,2025-06-15,139,30
334,2025-09-04,14,76
335,2025-01-30,308,80
336,2025-06-26,2,81
337,2025-03-29,185,62
338,2025-05-22,194,38
339,2024-10-13,101,38
340,2025-06-03,180,26
341,2025-08-12,439,65
342,2025-02-07,208,70
343,2024-10-24,284,33
344,2025-06-23,175,77
345,2025-04-08,60,37
346,2025-04-18,174,72
347,2024-12-12,268,75
348,2024-11-15,237,92
349,2025-05-26,173,39
350,2025-08-22,2,96
351,2024-12-16,422,50
352,2025-05-05,286,69
353,2025-08-08,152,82
354,2024-12-20,437,48
355,2024-10-20,425,39
356,2025-04-07,388,60
357,2024-09-09,293,78
358,2025-05-04,172,37
359,2024-12-18,51,43
360,2025-02-12,91,53
361,2025-05-13,214,60
362,2024-11-06,367,60
363,2024-09-23,204,50
364,2025-08-01,189,60
365,2025-03-29,297,66
366,2025-03-13,320,90
367,2025-06-16,298,45
368,2024-12-19,329,87
369,2024-11-24,48,34
370,2025-05-03,306,24
371,2025-05-03,2,20
372,2024-12-19,21,31
373,2024-09-17,401,80
374,2025-02-04,294,62
375,2025-06-08,28,60
376,2025-08-20,87,96
377,2025-01-07,401,25
378,2024-09-22,364,33
379,2024-12-02,496,91
380,2025-05-15,476,20
381,2025-03-26,449,65
382,2024-12-11,319,64
383,2025-04-15,87,78
384,2025-08-06,348,43
385,2025-08-06,255,40
386,2025-01-20,344,37
387,2024-11-11,334,79
388,2024-12-03,203,70
389,2025-08-30,477,48
390,2024-10-22,232,29
391,2024-10-23,103,25
392,2025-07-07,492,69
393,2025-02-09,317,20
394,2025-01-12,244,34
395,2025-07-26,23,37
396,2025-09-03,353,22
397,2024-09-22,53,57
398,2024-10-07,152,87
399,2025-04-29,231,83
400,2025-02-23,37,81
401,2024-10-24,157,92
402,2025-09-06,259,64
403,2025-05-16,93,20
404,2025-08-12,162,70
405,2025-01-28,315,46
406,2024-12-24,89,100
407,2025-05-31,485,66
408,2024-12-14,495,66
409,2025-05-13,167,38
410,2025-03-18,9,76
411,2025-04-21,22,43
412,2025-01-29,492,97
413,2025-05-17,275,79
414,2025-02-08,206,65
415,2024-11-14,13,57
416,2025-05-26,374,51
417,2025-06-15,107,45
418,2025-01-04,238,33
419,2025-01-26,314,54
420,2025-05-31,297,97
421,2024-12-09,134,98
422,2025-07-15,13,58
423,2024-09-20,60,22
424,2025-03-25,489,36
425,2025-04-22,366,39
426,2025-06-25,283,53
427,2024-09-27,245,29
428,2025-04-16,312,25
429,2025-07-30,334,93
430,2025-01-02,201,53
431,2024-10-03,365,64
432,2025-06-25,436,85
433,2024-12-07,9,81
434,2024-11-29,146,48
435,2025-01-06,218,65
436,2025-05-04,455,92
437,2025-05-29,107,92
438,2025-01-29,181,84
439,2025-01-17,465,79
440,2025-01-13,32,86
441,2025-04-24,76,59
442,2025-04-17,59,93
443,2025-01-01,137,62
444,2025-06-12,90,69
445,2025-03-05,64,90
446,2025-02-22,120,63
447,2025-01-03,265,31
448,2025-01-09,214,99
449,2024-10-28,310,32
450,2025-09-01,495,41
451,2025-06-14,425,100
452,2025-08-04,76,69
453,2025-04-28,404,24
454,2025-08-28,347,78
455,2024-10-26,71,95
456,2024-10-05,139,60
457,2024-11-02,467,63
458,2024-10-13,245,93
459,2025-05-09,184,68
460,2025-04-17,296,75
461,2025-06-01,61,39
462,2025-05-26,368,42
463,2024-10-05,166,82
464,2025-05-26,120,93
465,2025-04-03,103,34
466,2025-06-24,17,49
467,2025-03-08,108,81
468,2024-11-27,294,36
469,2025-06-20,6,77
470,2025-01-22,402,41
471,2024-10-30,118,92
472,2024-09-24,91,67
473,2025-01-30,280,76
474,2025-01-15,409,57
475,2024-12-11,218,84
476,2025-04-27,323,66
477,2025-03-03,107,77
478,2025-01-04,403,59
479,2025-08-26,364,99
480,2025-06-24,79,59
481,2025-08-14,30,73
482,2025-03-25,272,38
483,2025-08-28,288,31
484,2025-04-19,495,98
485,2025-04-12,48,81
486,2025-01-16,484,87
487,2025-01-09,63,65
488,2024-11-13,51,56
489,2024-09-28,78,33
490,2025-07-23,274,38
491,2025-01-23,224,92
492,2024-12-07,227,75
493,2025-06-06,350,35
494,2024-09-21,253,85
495,2025-08-11,450,36
496,2025-03-18,293,43
497,2024-11-15,71,45
498,2025-05-09,97,58
499,2024-12-21,144,99
500,2025-02-08,289,22
501,2025-08-28,253,40
502,2025-07-21,51,85
503,2025-07-24,426,51
504,2024-12-19,201,99
505,2025-04-03,261,44
506,2025-01-22,242,62
507,2024-11-28,128,53
508,2025-08-18,2,85
509,2025-01-07,257,94
510,2024-11-23,417,24
511,2025-01-09,200,100
512,2025-05-20,292,93
513,2025-07-29,120,36
514,2024-12-09,138,92
515,2025-06-17,396,68
516,2025-04-01,261,45
517,2025-05-20,463,87
518,2024-11-09,75,70
519,2025-08-26,77,48
520,2024-10-16,381,52
521,2025-02-23,54,78
522,2025-03-08,280,22
523,2024-12-26,170,80
524,2025-04-07,213,25
525,2025-08-06,393,66
526,2024-10-08,338,58
527,2024-10-20,160,67
528,2024-12-26,315,84
529,2025-01-31,499,60
530,2024-11-22,115,63
531,2024-10-26,252,61
532,2024-12-14,44,88
533,2025-08-22,81,96
534,2024-11-25,34,48
535,2025-04-26,82,34
536,2024-12-06,360,63
537,2024-11-14,456,65
538,2024-11-28,97,57
539,2025-08-06,99,94
540,2024-12-22,488,38
541,2025-06-02,187,78
542,2025-05-01,368,35
543,2025-05-30,355,88
544,2025-06-16,207,44
545,2025-06-12,136,55
546,2025-01-04,368,82
547,2025-02-23,204,73
548,2025-08-18,192,73
549,2025-04-02,14,47
550,2025-03-13,474,79
551,2025-08-19,167,73
552,2024-11-12,326,67
553,2025-01-08,143,38
554,2025-04-01,376,60
555,2025-05-08,143,93
556,2025-07-26,231,63
557,2025-02-16,305,80
558,2025-07-18,19,95
559,2025-04-24,299,30
560,2024-10-07,85,48
561,2024-09-10,367,25
562,2025-08-29,71,29
563,2025-07-05,486,33
564,2025-07-13,465,35
565,2025-05-18,97,29
566,2024-09-20,300,26
567,2024-11-27,62,93
568,2025-07-06,461,85
569,2025-03-02,294,65
570,2025-01-23,82,44
571,2024-12-22,393,88
572,2025-09-06,49,28
573,2025-01-19,49,61
574,2025-05-29,212,94
575,2024-12-17,86,99
576,2024-10-23,405,94
577,2024-11-14,195,25
578,2025-07-11,38,41
579,2025-04-26,31,61
580,2025-01-22,355,31
581,2025-07-28,500,73
582,2025-04-05,378,85
583,2024-10-04,73,35
584,2024-09-26,398,85
585,2025-08-19,321,82
586,2025-08-17,227,67
587,2025-06-20,44,74
588,2024-12-16,406,29
589,2025-01-05,88,42
590,2024-12-15,135,58
591,2025-08-15,159,90
592,2025-08-15,398,49
593,2024-10-11,141,37
594,2025-05-13,312,71
595,2025-03-25,234,47
596,2025-06-05,186,22
597,2025-09-04,443,85
598,2025-05-21,285,63
599,2024-11-23,436,84
600,2025-01-13,176,58
601,2025-06-04,437,93
602,2024-12-25,245,57
603,2025-02-09,337,81
604,2024-10-11,90,37
605,2025-02-13,344,72
606,2025-05-06,12,43
607,2025-02-27,17,49
608,2025-07-14,215,69
609,2024-10-05,295,75
610,2025-06-04,78,90
611,2025-08-03,86,61
612,2025-07-09,201,85
613,2025-08-02,73,67
614,2025-05-09,321,34
615,2024-12-23,57,64
616,2024-09-17,31,40
617,2024-11-04,213,54
618,2025-06-23,117,79
619,2025-03-27,387,73
620,2025-07-11,201,95
621,2025-05-29,388,77
622,2024-09-25,485,40
623,2025-02-16,30,90
624,2024-11-27,313,39
625,2025-05-04,74,74
626,2024-09-13,137,57
627,2025-07-07,434,67
628,2025-05-31,67,43
629,2025-07-08,421,98
630,2025-04-07,392,44
631,2025-06-25,86,36
632,2025-09-03,497,56
633,2025-07-06,115,60
634,2024-09-16,81,37
635,2024-12-28,496,27
636,2024-11-25,13,79
637,2024-11-22,369,65
638,2025-08-23,321,29
639,2024-10-08,464,73
640,2025-08-14,108,69
641,2024-10-02,115,84
642,2024-12-27,299,85
643,2025-03-14,174,61
644,2024-12-24,408,77
645,2024-11-13,148,88
646,2025-06-06,8,79
647,2025-01-19,264,84
648,2025-06-27,27,24
649,2024-10-21,289,52
650,2024-11-30,41,37
651,2024-12-14,449,23
652,2024-09-21,356,89
653,2025-08-20,71,92
654,2025-02-23,316,89
655,2025-06-18,95,43
656,2025-03-22,53,49
657,2025-06-28,353,28
658,2025-05-25,225,59
659,2025-09-04,315,74
660,2025-04-10,220,31
661,2025-08-19,384,69
662,2024-09-20,201,62
663,2025-07-20,168,80
664,2024-11-19,420,78
665,2025-01-01,139,75
666,2025-02-10,233,95
667,2024-12-16,116,93
668,2024-11-03,370,61
669,2025-04-19,334,94
670,2025-01-09,438,25
671,2025-07-01,249,61
672,2025-06-21,294,29
673,2025-05-23,133,68
674,2024-10-13,369,72
675,2025-08-29,485,36
676,2025-08-27,334,62
677,2025-07-12,23,88
678,2024-11-08,240,91
679,2025-01-18,344,95
680,2024-12-05,32,55
681,2024-11-25,403,92
682,2025-09-07,54,92
683,2025-01-24,23,51
684,2024-11-07,447,26
685,2025-03-02,471,36
686,2025-02-06,68,85
687,2024-10-20,131,78
688,2025-02-05,69,36
689,2025-01-25,340,87
690,2025-07-29,384,23
691,2025-07-13,113,82
692,2024-10-19,315,67
693,2025-02-06,477,38
694,2025-03-30,129,75
695,2025-03-31,439,73
696,2025-08-15,326,100
697,2024-12-25,323,97
698,2024-12-09,92,65
699,2025-01-13,414,85
700,2025-05-09,328,30
701,2025-04-29,363,79
702,2025-08-03,263,93
703,2025-01-01,345,61
704,2025-06-30,345,57
705,2025-04-20,257,28
706,2025-07-30,88,49
707,2025-01-07,491,73
708,2025-08-05,203,75
709,2025-08-30,451,81
710,2025-09-05,210,35
711,2025-07-23,52,90
712,2024-11-29,366,36
713,2024-10-07,0,74
714,2024-09-13,365,31
715,2025-08-11,152,26
716,2024-10-23,59,25
717,2025-08-14,22,87
718,2025-06-27,263,94
719,2025-07-06,414,88
720,2025-05-13,320,32
721,2024-10-17,370,37
722,2025-06-24,27,68
723,2025-01-15,124,42
724,2025-03-17,296,68
725,2025-03-17,424,76
726,2024-09-14,342,94
727,2025-06-24,203,51
728,2025-01-24,155,47
729,2024-12-22,255,50
730,2025-03-19,358,78
731,2024-10-08,24,40
732,2025-04-08,195,80
733,2025-02-22,296,38
734,2025-03-07,176,62
735,2025-01-23,459,36
736,2025-05-06,364,32
737,2024-11-06,44,72
738,2025-06-20,458,21
739,2025-07-01,312,66
740,2025-04-10,82,89
741,2025-07-29,260,63
742,2025-08-23,193,34
743,2025-03-06,279,29
744,2024-09-13,399,64
745,2025-04-06,236,23
746,2024-09-27,12,21
747,2025-04-17,292,22
748,2025-02-04,19,48
749,2024-09-16,423,85
750,2025-05-27,64,58
751,2025-05-23,70,65
752,2025-01-02,448,87
753,2025-08-12,273,54
754,2024-11-15,475,87
755,2025-01-28,57,20
756,2025-09-09,426,21
757,2025-04-11,440,35
758,2025-02-02,339,53
759,2025-05-20,439,98
760,2024-10-14,30,59
761,2024-10-21,452,96
762,2025-06-20,41,73
763,2024-10-28,443,87
764,2024-09-27,32,35
765,2024-10-02,116,33
766,2025-07-18,285,57
767,2024-09-22,190,47
768,2024-12-15,340,91
769,2025-01-16,172,39
770,2025-05-22,381,20
771,2024-12-22,369,84
772,2025-04-16,214,94
773,2025-03-23,325,51
774,2025-01-15,4,93
775,2025-05-10,345,76
776,2024-12-17,158,88
777,2025-08-18,44,25
778,2024-10-14,465,24
779,2024-11-22,228,67
780,2025-01-05,176,98
781,2025-07-19,112,61
782,2024-12-13,94,30
783,2025-01-12,413,74
784,2025-02-10,249,33
785,2025-07-24,121,94
786,2025-02-02,388,69
787,2024-10-18,489,73
788,2025-01-21,175,93
789,2024-09-19,274,82
790,2025-01-29,318,29
791,2024-12-30,194,30
792,2025-07-17,488,76
793,2025-08-25,478,61
794,2024-10-16,409,69
795,2025-06-10,23,24
796,2024-11-30,178,73
797,2025-03-08,369,30
798,2025-06-05,100,92
799,2024-11-22,54,20
800,2024-09-29,371,63
801,2024-11-04,33,79
802,2024-10-28,141,82
803,2025-08-07,404,90
804,2025-08-25,251,64
805,2024-12-22,155,60
806,2025-05-09,470,36
807,2024-12-08,52,52
808,2025-03-21,379,40
809,2025-01-31,484,80
810,2025-05-20,190,99
811,2025-05-03,249,72
812,2024-10-03,494,38
813,2024-11-23,292,85
814,2024-10-16,186,50
815,2025-06-30,209,45
816,2025-02-05,31,47
817,2025-04-20,318,73
818,2025-04-26,76,78
819,2025-01-11,148,82
820,2025-05-16,420,35
821,2024-11-25,167,65
822,2024-10-05,465,48
823,2024-09-10,34,40
824,2025-05-03,221,47
825,2024-12-16,4,34
826,2025-02-12,311,80
827,2025-04-02,301,86
828,2024-12-04,192,94
829,2025-08-21,461,75
830,2025-04-07,92,21
831,2025-07-25,264,86
832,2024-12-10,238,70
833,2024-11-18,252,25
834,2025-05-31,409,86
835,2025-04-29,214,59
836,2024-11-09,406,26
837,2025-06-28,133,56
838,2025-05-18,214,71
839,2024-09-19,329,30
840,2025-04-17,188,21
841,2024-09-21,367,90
842,2025-08-31,171,40
843,2025-02-28,72,31
844,2024-10-07,135,30
845,2025-02-05,194,80
846,2025-01-30,315,74
847,2025-02-22,330,82
848,2025-07-04,443,68
849,2025-07-03,300,78
850,2024-11-30,324,32
851,2025-03-01,260,52
852,2025-08-22,185,53
853,2025-08-02,203,88
854,2025-01-15,223,31
855,2024-12-25,267,100
856,2024-09-17,404,94
857,2025-01-13,171,87
858,2024-10-24,91,57
859,2025-06-07,409,91
860,2025-04-26,27,48
861,2025-01-22,325,72
862,2024-10-18,456,51
863,2024-12-18,425,65
864,2025-04-21,474,97
865,2024-10-26,353,82
866,2024-09-28,287,44
867,2024-10-31,386,32
868,2025-06-01,123,74
869,2025-02-27,279,26
870,2025-01-25,249,95
871,2025-03-09,90,64
872,2025-06-02,498,93
873,2024-10-02,486,75
874,2024-09-22,466,34
875,2025-08-22,402,88
876,2025-03-20,66,61
877,2024-09-28,383,98
878,2024-12-12,216,90
879,2024-12-07,89,93
880,2025-08-23,6,54
881,2025-09-06,343,94
882,2025-06-15,466,27
883,2025-03-12,229,50
884,2025-07-16,419,84
885,2025-01-31,322,42
886,2025-09-06,458,66
887,2024-10-15,215,34
888,2025-03-07,186,90
889,2025-08-02,420,23
890,2025-01-06,9,29
891,2025-05-04,366,87
892,2025-04-03,447,41
893,2025-07-30,388,31
894,2025-08-13,472,24
895,2024-12-31,435,75
896,2024-12-14,56,28
897,2024-11-14,360,43
898,2025-06-05,277,98
899,2025-04-21,233,24
900,2025-08-26,210,41
901,2025-06-27,420,79
902,2025-07-01,201,47
903,2024-11-21,236,66
904,2024-09-20,231,89
905,2025-08-23,92,60
906,2024-11-05,9,31
907,2025-02-06,340,61
908,2025-01-16,337,45
909,2025-03-28,475,55
910,2025-04-11,156,56
911,2024-09-12,431,48
912,2025-05-20,366,86
913,2025-06-17,246,84
914,2024-09-14,36,84
915,2025-02-02,246,72
916,2025-04-21,82,49
917,2025-08-29,393,46
918,2025-06-18,87,75
919,2025-01-30,39,58
920,2025-05-12,305,28
921,2024-10-19,409,43
922,2024-09-17,42,47
923,2025-08-18,416,68
924,2024-10-05,113,23
925,2025-06-03,253,21
926,2024-10-01,349,91
927,2025-02-15,457,92
928,2025-01-18,166,99
929,2025-07-22,244,53
930,2024-09-20,101,62
931,2025-01-30,102,93
932,2025-01-14,336,73
933,2025-05-29,482,98
934,2025-05-20,435,81
935,2025-06-29,217,44
936,2024-11-21,384,92
937,2025-07-18,202,82
938,2025-04-26,322,59
939,2024-11-05,422,90
940,2025-07-10,327,35
941,2025-08-23,167,68
942,2025-06-16,303,35
943,2024-10-01,101,33
944,2025-08-16,258,84
945,2025-06-22,334,36
946,2025-06-08,13,83
947,2024-09-11,441,74
948,2025-07-22,306,65
949,2024-12-24,204,96
950,2025-08-09,205,97
951,2024-12-05,128,21
952,2025-07-26,476,72
953,2024-10-30,9,60
954,2025-01-29,73,86
955,2024-12-13,338,38
956,2025-04-27,313,65
957,2025-06-06,450,25
958,2025-02-18,174,99
959,2025-04-20,247,90
960,2024-10-27,430,43
961,2025-02-04,219,40
962,2025-05-14,42,26
963,2025-01-18,321,58
964,2024-10-23,372,82
965,2025-01-28,204,23
966,2024-12-17,253,57
967,2025-03-10,489,69
968,2025-02-13,212,92
969,2025-06-15,241,46
970,2025-02-17,270,93
971,2024-10-29,317,78
972,2025-02-21,428,63
973,2024-12-07,51,81
974,2024-11-25,214,44
975,2025-01-03,253,37
976,2025-04-22,162,99
977,2024-09-18,48,36
978,2025-07-09,490,60
979,2025-01-28,403,50
980,2025-04-18,434,47
981,2025-07-06,181,75
982,2024-09-10,139,26
983,2025-01-23,429,34
984,2025-07-30,395,88
985,2025-01-28,38,28
986,2024-09-27,61,20
987,2024-11-19,101,31
988,2024-10-12,352,50
989,2024-12-05,485,27
990,2024-11-25,252,95
991,2024-11-11,87,85
992,2025-09-02,375,92
993,2025-07-03,201,26
994,2025-07-10,247,48
995,2024-10-18,434,47
996,2025-07-16,219,56
997,2024-09-11,188,81
998,2025-04-17,293,27
999,2024-11-02,36,51
1000,2024-11-04,372,75
1001,2024-11-15,86,66
1002,2024-12-26,91,25
1003,2025-01-24,418,21
1004,2025-03-18,228,39
1005,2025-01-02,186,21
1006,2025-06-13,327,99
1007,2024-10-31,164,61
1008,2025-06-14,37,26
1009,2025-08-30,156,37
1010,2025-05-25,392,72
1011,2024-10-30,60,55
1012,2025-01-03,486,94
1013,2025-01-16,209,36
1014,2025-01-31,496,48
1015,2025-08-22,344,100
1016,2025-09-09,22,100
1017,2025-03-12,399,97
1018,2025-05-20,400,21
1019,2025-01-08,199,48
1020,2025-02-18,163,53
1021,2025-07-21,262,90
1022,2024-11-27,289,51
1023,2025-04-12,104,39
1024,2025-07-07,108,51
1025,2024-12-14,84,37
1026,2025-05-01,319,98
1027,2025-03-22,425,44
1028,2024-10-07,186,28
1029,2025-07-31,317,67
1030,2025-07-22,112,51
1031,2025-07-10,158,94
1032,2025-05-03,49,42
1033,2024-09-29,69,51
1034,2025-09-06,314,29
1035,2025-02-05,204,48
1036,2025-01-26,171,25
1037,2025-09-04,106,48
1038,2025-02-10,235,46
1039,2024-10-31,383,61
1040,2025-06-21,426,60
1041,2025-08-22,168,89
1042,2024-10-26,125,39
1043,2025-07-14,401,84
1044,2024-11-07,203,98
1045,2025-08-02,50,96
1046,2024-12-02,62,51
1047,2025-06-23,484,54
1048,2024-09-22,138,89
1049,2025-08-02,152,86
1050,2025-01-09,368,68
1051,2025-08-02,382,45
1052,2025-08-22,323,96
1053,2024-11-07,356,89
1054,2025-07-22,111,23
1055,2025-04-29,416,43
1056,2025-03-14,99,46
1057,2024-11-26,311,28
1058,2025-05-26,56,85
1059,2024-12-31,222,54
1060,2025-01-04,308,26
1061,2025-07-28,191,92
1062,2024-12-12,135,50
1063,2024-12-19,356,96
1064,2024-09-21,294,83
1065,2024-10-15,46,67
1066,2025-08-15,485,57
1067,2025-02-19,411,66
1068,2025-02-07,405,90
1069,2025-07-31,21,96
1070,2024-11-26,97,67
1071,2025-01-24,360,80
1072,2025-04-06,26,28
1073,2025-02-22,138,20
1074,2024-11-23,95,64
1075,2025-06-14,451,83
1076,2024-09-25,405,35
1077,2024-11-01,424,49
1078,2025-08-20,421,25
1079,2024-10-07,121,99
1080,2024-10-08,6,26
1081,2024-09-10,163,93
1082,2024-10-06,327,58
1083,2025-03-20,146,22
1084,2024-09-19,472,76
1085,2025-05-26,394,52
1086,2025-03-01,70,86
1087,2024-10-11,129,73
1088,2024-10-15,273,55
1089,2024-11-21,140,61
1090,2024-10-24,47,67
1091,2025-02-01,470,55
1092,2025-02-26,112,45
1093,2025-06-03,273,29
1094,2025-01-01,455,48
1095,2025-01-17,372,41
1096,2025-03-01,355,32
1097,2025-02-02,199,81
1098,2025-05-07,102,34
1099,2025-05-05,12,62
1100,2025-06-12,480,23
1101,2024-09-12,107,70
1102,2025-08-16,214,47
1103,2025-02-25,322,61
1104,2024-09-22,248,82
1105,2024-10-30,351,69
1106,2024-09-18,40,31
1107,2024-09-30,338,65
1108,2025-03-30,491,27
1109,2025-03-06,243,49
1110,2025-04-08,127,48
1111,2025-08-18,438,81
1112,2024-12-03,369,39
1113,2025-03-03,413,60
1114,2025-06-17,14,51
1115,2025-04-12,84,96
1116,2025-05-05,423,82
1117,2024-10-11,336,25
1118,2025-01-11,257,78
1119,2025-04-03,41,37
1120,2025-01-10,116,83
1121,2025-08-23,428,70
1122,2024-10-01,339,76
1123,2024-12-17,335,74
1124,2025-03-07,275,37
1125,2025-05-24,166,46
1126,2025-02-16,24,73
1127,2025-02-07,193,25
1128,2025-07-27,451,80
1129,2024-12-02,134,93
1130,2025-08-31,37,88
1131,2025-07-22,138,79
1132,2024-11-03,380,79
1133,2024-12-25,77,35
1134,2025-04-13,319,24
1135,2025-06-06,44,81
1136,2024-09-24,404,64
1137,2025-08-12,27,94
1138,2025-01-23,180,67
1139,2025-05-06,210,46
1140,2024-12-08,206,88
1141,2025-01-22,313,76
1142,2024-11-18,473,68
1143,2025-04-15,2,54
1144,2025-01-02,51,72
1145,2025-06-17,223,89
1146,2025-02-22,226,68
1147,2025-06-13,172,52
1148,2025-01-29,285,67
1149,2025-06-11,316,91
1150,2025-07-25,230,34
1151,2024-09-21,391,100
1152,2025-07-21,86,100
1153,2025-01-07,2,65
1154,2024-09-27,301,67
1155,2024-12-13,464,46
1156,2024-10-19,310,54
1157,2024-11-28,498,41
1158,2025-02-14,355,40
1159,2025-04-18,12,24
1160,2025-05-18,325,94
1161,2024-09-13,375,40
1162,2024-11-17,291,87
1163,2025-03-15,399,31
1164,2025-04-24,385,48
1165,2024-10-06,64,50
1166,2025-02-05,387,39
1167,2025-02-24,8,26
1168,2025-09-08,206,69
1169,2025-03-26,145,52
1170,2025-01-29,389,32
1171,2024-09-10,448,47
1172,2024-10-04,44,92
1173,2025-03-08,162,78
1174,2025-07-04,456,68
1175,2025-08-12,307,71
1176,2025-01-21,492,76
1177,2025-05-13,397,43
1178,2024-11-07,100,21
1179,2025-09-09,275,28
1180,2025-05-15,311,27
1181,2025-08-15,231,66
1182,2025-08-09,48,87
1183,2024-11-24,97,25
1184,2024-10-27,327,60
1185,2025-08-27,451,84
1186,2025-02-07,197,28
1187,2024-09-21,365,84
1188,2024-11-19,394,92
1189,2024-10-15,421,86
1190,2025-02-05,133,31
1191,2025-01-16,196,99
1192,2025-01-17,127,74
1193,2025-07-05,305,51
1194,2025-02-06,489,30
1195,2025-07-25,282,96
1196,2025-07-18,410,40
1197,2025-02-12,118,65
1198,2025-02-14,264,51
1199,2025-06-13,467,71
1200,2025-06-29,354,82
1201,2025-06-09,262,40
1202,2025-01-20,358,48
1203,2025-02-08,307,68
1204,2025-02-24,139,24
1205,2025-02-23,288,51
1206,2025-08-26,492,76
1207,2024-10-06,461,22
1208,2024-11-08,229,57
1209,2025-04-11,420,49
1210,2025-04-19,33,97
1211,2025-05-05,37,63
1212,2025-01-30,470,69
1213,2025-03-30,110,35
1214,2025-08-10,6,20
1215,2025-01-20,138,81
1216,2024-12-26,292,60
1217,2025-02-05,426,23
1218,2025-07-25,70,89
1219,2025-02-13,217,73
1220,2025-08-30,219,92
1221,2025-07-21,59,25
1222,2025-04-03,61,58
1223,2025-02-14,199,48
1224,2025-04-13,44,26
1225,2025-07-12,301,92
1226,2025-08-05,31,58
1227,2025-06-04,218,50
1228,2025-02-03,314,41
1229,2025-04-20,299,60
1230,2025-02-14,31,61
1231,2025-03-21,274,77
1232,2024-12-21,277,51
1233,2025-07-08,308,79
1234,2024-09-15,443,44
1235,2025-05-09,499,25
1236,2025-03-07,197,36
1237,2025-04-30,255,69
1238,2025-02-12,68,20
1239,2025-06-30,58,22
1240,2025-06-27,184,20
1241,2024-09-28,41,30
1242,2025-09-01,136,28
1243,2024-09-15,303,88
1244,2024-11-27,474,73
1245,2025-06-19,379,36
1246,2025-07-16,343,42
1247,2025-05-15,389,47
1248,2025-04-27,259,96
1249,2025-08-26,75,67
1250,2025-01-06,104,93
1251,2025-07-20,39,34
1252,2025-07-23,271,26
1253,2025-05-25,500,91
1254,2025-05-01,428,60
1255,2025-04-11,469,92
1256,2025-05-30,372,51
1257,2025-09-02,81,30
1258,2025-05-16,475,76
1259,2024-10-09,11,57
1260,2025-02-04,48,95
1261,2025-04-18,65,56
1262,2025-04-16,145,36
1263,2024-12-18,259,79
1264,2024-11-11,379,89
1265,2025-03-17,116,75
1266,2025-06-26,80,26
1267,2024-09-27,166,82
1268,2025-01-01,456,90
1269,2024-12-27,101,32
1270,2025-04-15,243,37
1271,2025-04-24,312,20
1272,2025-05-14,487,21
1273,2024-09-17,264,84
1274,2024-10-17,407,56
1275,2024-09-26,241,63
1276,2024-10-12,400,78
1277,2025-02-14,101,42
1278,2024-09-09,260,63
1279,2025-06-21,17,32
1280,2024-10-19,205,87
1281,2025-04-04,85,23
1282,2024-11-20,394,32
1283,2025-08-25,217,60
1284,2025-01-03,228,52
1285,2024-09-15,348,63
1286,2025-06-04,194,95
1287,2025-03-05,377,76
1288,2024-09-18,93,35
1289,2025-06-28,420,52
1290,2025-04-06,254,94
1291,2024-10-16,60,76
1292,2025-07-09,397,66
1293,2025-04-04,421,22
1294,2025-08-10,232,57
1295,2025-09-05,286,83
1296,2025-07-03,187,79
1297,2024-10-23,481,87
1298,2025-08-16,282,69
1299,2025-06-24,2,47
1300,2025-02-22,386,81
1301,2025-06-15,478,28
1302,2025-01-17,20,86
1303,2025-07-03,486,82
1304,2025-04-14,181,43
1305,2024-11-24,409,85
1306,2024-11-25,118,47
1307,2025-04-15,121,30
1308,2025-04-06,430,80
1309,2025-03-04,147,22
1310,2025-06-02,330,26
1311,2025-04-02,82,99
1312,2024-09-16,143,44
1313,2025-04-27,448,29
1314,2024-12-12,114,56
1315,2024-11-28,173,54
1316,2025-02-24,233,25
1317,2024-12-17,445,28
1318,2024-12-23,76,79
1319,2024-10-08,77,82
1320,2025-07-15,212,71
1321,2025-07-08,261,86
1322,2025-03-08,343,82
1323,2025-02-14,466,68
1324,2025-01-07,229,47
1325,2025-05-24,436,81
1326,2025-01-31,106,50
1327,2024-09-26,436,100
1328,2025-06-10,425,83
1329,2024-10-17,448,54
1330,2025-02-11,487,80
1331,2025-05-24,236,78
1332,2024-10-14,81,28
1333,2024-12-05,44,49
1334,2025-01-19,200,56
1335,2024-11-06,210,20
1336,2025-06-16,135,100
1337,2025-01-31,356,75
1338,2024-12-15,55,73
1339,2025-06-28,285,20
1340,2025-07-24,368,96
1341,2025-04-01,141,77
1342,2025-08-09,447,49
1343,2024-12-07,464,45
1344,2025-01-24,232,42
1345,2025-08-28,129,81
1346,2025-09-01,327,70
1347,2025-05-29,126,66
1348,2025-04-23,76,77
1349,2025-02-19,6,73
1350,2025-03-01,179,74
1351,2025-05-24,65,35
1352,2024-11-27,74,91
1353,2024-11-11,280,56
1354,2024-10-12,411,23
1355,2025-02-06,232,91
1356,2024-12-13,164,88
1357,2025-01-08,129,76
1358,2025-07-19,62,95
1359,2024-11-24,269,94
1360,2025-07-19,235,28
1361,2025-07-27,73,60
1362,2024-12-26,26,85
1363,2025-02-01,358,80
1364,2025-03-17,113,26
1365,2025-01-09,349,99
1366,2024-10-31,147,87
1367,2025-03-05,44,42
1368,2024-10-22,336,90
1369,2024-10-04,281,32
1370,2025-01-15,323,60
1371,2024-09-12,471,63
1372,2025-04-04,332,68
1373,2025-03-14,47,96
1374,2025-03-23,135,66
1375,2025-08-06,174,49
1376,2025-06-21,277,37
1377,2025-04-04,69,72
1378,2025-07-04,117,64
1379,2025-05-25,162,81
1380,2024-11-22,416,65
1381,2025-06-18,138,57
1382,2025-03-30,336,71
1383,2025-06-18,98,29
1384,2025-01-15,52,61
1385,2024-12-05,175,33
1386,2024-12-01,326,80
1387,2025-02-02,141,40
1388,2025-02-10,320,27
1389,2024-12-01,340,38
1390,2025-03-10,457,89
1391,2024-12-11,73,28
1392,2025-01-06,174,60
1393,2024-10-11,254,51
1394,2024-10-25,38,28
1395,2025-02-27,109,31
1396,2025-06-09,74,68
1397,2024-09-26,295,59
1398,2025-06-28,482,44
1399,2025-09-03,297,82
1400,2025-03-10,228,93
1401,2025-02-06,94,92
1402,2025-04-26,82,25
1403,2024-09-10,498,43
1404,2025-04-11,86,87
1405,2025-09-07,309,67
1406,2024-11-29,203,87
1407,2024-12-22,264,26
1408,2024-10-07,22,100
1409,2025-04-29,182,97
1410,2025-05-20,158,42
1411,2025-01-16,417,47
1412,2024-11-08,111,70
1413,2025-01-21,109,82
1414,2024-12-19,39,64
1415,2025-02-09,91,55
1416,2025-08-14,87,39
1417,2025-06-11,135,77
1418,2024-11-30,250,34
1419,2025-06-24,325,87
1420,2025-07-10,369,100
1421,2024-11-22,175,91
1422,2024-11-18,367,89
1423,2025-08-28,296,65
1424,2025-04-08,453,36
1425,2025-08-30,216,30
1426,2025-03-03,426,69
1427,2024-09-12,295,97
1428,2025-06-13,248,100
1429,2024-10-28,402,21
1430,2025-07-26,177,75
1431,2025-06-03,321,76
1432,2025-04-20,124,33
1433,2025-07-21,346,83
1434,2025-08-13,317,98
1435,2025-06-14,202,96
1436,2025-02-07,56,78
1437,2025-07-05,207,94
1438,2024-12-23,436,50
1439,2025-02-17,41,81
1440,2025-07-05,140,39
1441,2024-10-10,403,96
1442,2025-08-19,174,62
1443,2025-01-30,46,92
1444,2024-12-13,137,84
1445,2024-11-09,387,26
1446,2025-05-09,391,56
1447,2025-04-20,291,99
1448,2024-10-13,338,100
1449,2025-01-23,438,24
1450,2025-08-19,387,52
1451,2024-10-16,27,92
1452,2025-04-02,455,26
1453,2024-10-29,235,72
1454,2025-03-08,183,37
1455,2025-02-23,418,72
1456,2024-09-26,80,26
1457,2025-04-01,14,76
1458,2025-08-18,445,59
1459,2025-07-05,274,27
1460,2025-09-01,210,30
1461,2024-10-09,27,44
1462,2024-11-05,487,46
1463,2025-05-05,329,25
1464,2025-07-01,315,46
1465,2025-01-23,318,88
1466,2025-05-20,412,64
1467,2025-04-09,403,43
1468,2024-11-20,146,38
1469,2024-12-31,134,81
1470,2025-06-20,473,82
1471,2024-11-24,330,96
1472,2025-07-28,114,56
1473,2025-03-13,496,57
1474,2025-02-09,392,76
1475,2025-07-08,281,49
1476,2025-05-31,263,63
1477,2025-06-22,490,64
1478,2025-01-03,208,65
1479,2025-07-12,110,44
1480,2025-05-07,235,22
1481,2025-01-01,497,90
1482,2025-05-30,178,55
1483,2024-11-22,409,53
1484,2024-12-21,361,97
1485,2025-04-03,205,64
1486,2025-09-08,428,62
1487,2025-03-02,100,59
1488,2025-06-27,228,45
1489,2025-04-05,496,83
1490,2025-05-16,427,75
1491,2025-03-02,126,26
1492,2024-10-27,71,76
1493,2024-10-25,87,37
1494,2025-01-29,68,60
1495,2025-05-04,22,34
1496,2025-08-07,65,22
1497,2025-04-17,76,98
1498,2025-04-08,401,52
1499,2025-07-24,394,35
1500,2025-04-16,1,35
1501,2025-05-10,256,50
1502,2025-09-06,395,47
1503,2025-08-03,70,77
1504,2025-04-04,470,54
1505,2025-06-26,291,61
1506,2025-04-10,1,32
1507,2024-11-24,484,27
1508,2025-06-22,113,55
1509,2025-05-04,192,88
1510,2025-07-08,287,47
1511,2025-02-22,53,62
1512,2025-04-25,132,62
1513,2025-02-15,182,34
1514,2024-10-22,229,32
1515,2024-12-20,71,96
1516,2025-04-17,247,89
1517,2025-05-28,362,34
1518,2025-07-01,365,27
1519,2025-07-17,397,21
1520,2025-01-28,9,20
1521,2025-01-09,157,36
1522,2025-07-16,407,22
1523,2024-12-08,227,80
1524,2025-02-16,443,79
1525,2024-09-30,310,66
1526,2024-11-09,202,83
1527,2025-02-23,423,36
1528,2025-08-13,441,29
1529,2024-12-19,78,79
1530,2025-05-29,398,42
1531,2025-02-08,286,84
1532,2025-08-28,101,40
1533,2024-09-20,375,45
1534,2025-07-30,138,77
1535,2024-12-10,355,79
1536,2025-06-23,142,62
1537,2024-10-27,348,49
1538,2025-01-09,459,63
1539,2025-02-05,448,27
1540,2025-03-09,480,61
1541,2025-03-11,70,22
1542,2025-05-05,480,55
1543,2025-01-14,433,22
1544,2025-06-28,103,59
1545,2024-10-20,26,20
1546,2025-08-27,174,74
1547,2024-11-06,250,29
1548,2025-01-10,138,93
1549,2025-08-09,293,83
1550,2025-08-09,259,56
1551,2025-06-15,28,34
1552,2025-06-05,137,96
1553,2025-05-14,353,50
1554,2025-04-20,163,72
1555,2025-07-14,300,87
1556,2025-08-20,376,80
1557,2025-01-10,492,98
1558,2024-09-22,455,84
1559,2024-10-21,264,97
1560,2024-10-26,384,37
1561,2025-05-22,483,54
1562,2025-04-12,135,97
1563,2025-03-28,255,76
1564,2025-02-17,218,48
1565,2024-11-06,21,83
1566,2024-12-29,429,31
1567,2024-10-27,16,70
1568,2025-01-14,490,76
1569,2025-08-27,174,55
1570,2024-11-03,231,62
1571,2025-06-21,481,89
1572,2025-06-22,372,64
1573,2025-04-16,249,26
1574,2025-04-29,350,37
1575,2025-02-19,51,82
1576,2024-09-23,257,55
1577,2025-07-31,477,54
1578,2024-09-27,184,28
1579,2024-10-05,356,93
1580,2024-09-29,435,45
1581,2024-12-21,186,84
1582,2025-07-08,235,57
1583,2025-07-16,473,82
1584,2025-04-19,453,81
1585,2024-12-02,132,77
1586,2025-08-28,89,47
1587,2025-03-26,372,34
1588,2024-12-16,208,51
1589,2025-08-15,369,89
1590,2024-10-18,311,51
1591,2025-06-13,83,93
1592,2024-10-25,302,49
1593,2025-07-05,174,35
1594,2025-03-23,229,44
1595,2025-02-27,205,69
1596,2025-08-30,82,76
1597,2025-09-09,407,62
1598,2025-09-07,329,88
1599,2025-01-21,316,27
1600,2024-10-08,311,20
1601,2025-09-07,316,23
1602,2025-05-18,342,28
1603,2025-05-27,284,61
1604,2025-01-24,78,32
1605,2024-10-07,449,75
1606,2024-12-03,387,40
1607,2025-03-18,203,20
1608,2025-02-01,345,44
1609,2025-07-11,409,68
1610,2025-09-09,27,72
1611,2025-08-24,469,98
1612,2025-05-07,71,96
1613,2025-04-24,338,75
1614,2024-09-11,36,35
1615,2025-05-30,313,74
1616,2025-08-14,109,50
1617,2024-10-01,474,65
1618,2024-09-20,461,96
1619,2025-06-30,358,20
1620,2025-01-05,480,94
1621,2024-09-23,56,57
1622,2025-02-28,150,29
1623,2025-02-28,337,56
1624,2025-05-19,210,63
1625,2025-07-19,78,38
1626,2025-06-09,148,42
1627,2024-12-02,169,59
1628,2025-07-15,118,68
1629,2025-04-23,475,59
1630,2025-07-09,444,89
1631,2025-01-12,44,69
1632,2025-04-07,398,58
1633,2024-09-30,256,65
1634,2025-05-07,357,26
1635,2025-07-03,489,38
1636,2024-11-17,46,26
1637,2025-07-04,131,21
1638,2025-05-20,171,28
1639,2025-06-11,86,33
1640,2025-07-11,415,80
1641,2024-10-21,46,72
1642,2025-06-30,312,64
1643,2024-12-14,255,49
1644,2024-10-27,185,74
1645,2025-08-02,288,56
1646,2025-05-19,4,69
1647,2024-09-29,114,86
1648,2025-03-10,400,52
1649,2025-01-12,75,57
1650,2025-08-18,426,75
1651,2024-12-24,382,39
1652,2024-11-21,306,24
1653,2025-07-20,300,99
1654,2024-12-23,257,34
1655,2025-03-07,450,42
1656,2025-04-11,97,42
1657,2025-07-26,442,27
1658,2025-08-28,230,70
1659,2024-09-09,491,61
1660,2024-11-15,156,81
1661,2025-03-10,150,87
1662,2024-11-24,483,72
1663,2024-09-24,314,87
1664,2025-01-20,246,72
1665,2025-01-05,373,96
1666,2024-11-02,145,54
1667,2025-09-04,190,60
1668,2025-01-21,4,100
1669,2024-12-15,297,56
1670,2024-11-06,339,68
1671,2025-09-06,6,94
1672,2025-08-13,135,91
1673,2024-12-05,160,92
1674,2024-12-25,110,33
1675,2025-01-04,220,41
1676,2025-06-10,318,28
1677,2025-08-14,268,31
1678,2025-06-30,356,89
1679,2025-02-24,195,97
1680,2024-10-31,442,47
1681,2025-04-16,139,22
1682,2025-05-09,43,79
1683,2024-12-21,344,92
1684,2025-05-12,72,26
1685,2024-11-07,155,60
1686,2024-09-17,428,82
1687,2024-10-02,491,37
1688,2025-05-08,260,60
1689,2025-08-12,57,40
1690,2024-10-07,493,45
1691,2025-07-20,265,37
1692,2024-10-05,471,60
1693,2025-06-13,51,56
1694,2024-11-18,380,70
1695,2024-11-30,123,42
1696,2025-08-07,88,36
1697,2025-09-05,18,21
1698,2025-08-08,350,81
1699,2025-01-09,126,40
1700,2025-01-20,212,100
1701,2025-04-02,65,65
1702,2024-10-25,471,91
1703,2025-06-11,345,97
1704,2025-02-11,70,87
1705,2025-03-20,470,72
1706,2024-09-28,434,43
1707,2024-12-30,34,46
1708,2025-08-01,131,34
1709,2025-01-09,329,27
1710,2024-11-29,328,87
1711,2025-06-30,448,37
1712,2025-02-01,74,79
1713,2025-06-27,146,42
1714,2025-02-21,133,53
1715,2024-10-30,147,32
1716,2025-01-31,394,91
1717,2024-11-24,463,75
1718,2025-07-22,480,92
1719,2025-05-20,432,96
1720,2024-09-21,413,77
1721,2025-01-03,229,61
1722,2025-04-27,72,20
1723,2025-07-21,108,34
1724,2025-09-06,113,91
1725,2025-03-29,2,71
1726,2024-12-01,403,30
1727,2024-11-25,36,54
1728,2025-04-22,104,26
1729,2025-04-11,248,51
1730,2025-01-13,346,41
1731,2025-01-10,90,66
1732,2025-07-31,315,38
1733,2025-03-13,190,50
1734,2024-09-15,114,48
1735,2025-03-29,287,92
1736,2025-02-22,369,72
1737,2025-05-04,69,53
1738,2024-11-05,437,22
1739,2025-09-04,417,47
1740,2025-05-31,323,32
1741,2025-01-05,358,44
1742,2025-08-04,379,70
1743,2024-11-07,89,34
1744,2025-01-21,188,45
1745,2025-08-22,111,21
1746,2025-05-01,414,90
1747,2025-02-23,97,51
1748,2024-12-09,137,89
1749,2024-12-10,200,98
1750,2025-08-01,349,93
1751,2025-07-23,133,60
1752,2024-10-06,252,89
1753,2025-07-23,252,76
1754,2025-02-04,483,82
1755,2025-01-18,187,35
1756,2025-05-25,54,42
1757,2025-05-29,406,20
1758,2024-12-15,128,89
1759,2025-05-23,392,98
1760,2025-07-20,145,27
1761,2024-12-19,297,57
1762,2024-09-10,40,82
1763,2024-11-21,98,56
1764,2024-12-24,448,85
1765,2025-03-24,408,45
1766,2025-09-02,45,95
1767,2024-11-09,373,44
1768,2024-09-30,87,26
1769,2025-02-26,172,74
1770,2025-08-27,365,64
1771,2025-03-01,281,93
1772,2024-11-03,339,43
1773,2025-08-07,394,59
1774,2024-09-25,122,55
1775,2025-08-14,409,79
1776,2025-03-23,372,26
1777,2025-06-20,205,77
1778,2025-06-29,354,64
1779,2024-09-21,21,78
1780,2025-03-31,24,55
1781,2025-03-23,439,27
1782,2025-01-06,152,38
1783,2025-03-12,433,91
1784,2025-08-10,186,50
1785,2025-04-23,183,33
1786,2025-02-03,14,66
1787,2024-09-23,252,65
1788,2024-10-13,336,60
1789,2025-09-06,169,80
1790,2025-05-03,120,79
1791,2025-08-22,384,63
1792,2024-10-10,304,71
1793,2025-01-14,95,47
1794,2025-02-25,70,44
1795,2024-11-03,108,63
1796,2025-08-06,417,53
1797,2025-01-17,136,92
1798,2025-09-06,433,37
1799,2025-04-25,407,63
1800,2025-09-02,441,76
1801,2025-01-15,68,90
1802,2025-07-30,474,31
1803,2025-02-16,365,29
1804,2025-07-08,309,73
1805,2025-05-24,484,75
1806,2025-01-23,32,23
1807,2024-09-17,20,68
1808,2025-01-19,11,20
1809,2024-10-03,484,70
1810,2024-09-28,64,43
1811,2025-08-04,23,71
1812,2025-02-11,247,80
1813,2024-10-04,71,43
1814,2024-12-02,303,64
1815,2024-10-13,461,31
1816,2025-03-15,362,30
1817,2024-12-29,78,32
1818,2024-09-26,191,49
1819,2024-09-28,460,63
1820,2025-01-20,325,25
1821,2025-08-18,327,22
1822,2025-06-07,386,38
1823,2025-08-10,42,41
1824,2025-05-01,451,73
1825,2024-12-12,323,53
1826,2025-02-16,55,68
1827,2024-11-16,108,74
1828,2024-09-22,267,84
1829,2024-12-06,176,34
1830,2025-04-23,266,100
1831,2025-01-17,471,38
1832,2025-08-18,33,40
1833,2025-04-12,419,25
1834,2025-05-25,243,22
1835,2025-06-14,406,25
1836,2025-06-10,382,81
1837,2025-02-28,496,100
1838,2025-05-16,258,85
1839,2025-03-25,117,45
1840,2024-09-24,442,98
1841,2024-10-09,314,66
1842,2025-03-03,428,92
1843,2025-06-01,174,27
1844,2025-05-01,429,29
1845,2025-02-10,477,35
1846,2025-08-11,187,36
1847,2024-11-29,300,42
1848,2024-12-31,451,56
1849,2025-04-24,320,49
1850,2025-03-02,408,62
1851,2025-07-09,0,26
1852,2025-08-26,245,62
1853,2025-08-19,94,58
1854,2024-11-23,302,27
1855,2025-08-02,387,27
1856,2024-11-08,471,25
1857,2025-04-13,289,75
1858,2025-08-26,265,23
1859,2025-06-11,63,31
1860,2025-07-10,235,75
1861,2025-06-11,494,70
1862,2025-03-24,198,34
1863,2024-10-16,323,79
1864,2025-05-30,83,67
1865,2024-12-25,323,59
1866,2025-03-12,35,71
1867,2024-09-13,117,49
1868,2024-09-26,455,35
1869,2024-11-23,207,55
1870,2024-09-12,183,29
1871,2025-04-23,172,39
1872,2025-06-06,296,92
1873,2025-01-29,257,39
1874,2025-08-01,59,92
1875,2024-11-19,248,29
1876,2024-12-15,69,32
1877,2025-02-20,234,25
1878,2025-02-06,21,67
1879,2024-11-07,445,64
1880,2025-05-28,51,51
1881,2024-11-19,297,74
1882,2024-09-25,252,38
1883,2025-07-15,349,80
1884,2025-02-09,331,45
1885,2025-08-26,277,89
1886,2025-07-22,9,47
1887,2025-03-30,315,58
1888,2024-12-12,185,94
1889,2025-08-18,144,57
1890,2025-08-06,359,27
1891,2025-06-03,51,56
1892,2025-07-28,44,65
1893,2025-01-06,0,21
1894,2024-11-22,3,98
1895,2025-04-04,7,96
1896,2025-07-15,82,94
1897,2025-08-24,190,70
1898,2025-02-15,401,58
1899,2024-09-10,352,81
1900,2025-06-11,146,44
1901,2025-05-16,16,50
1902,2025-06-07,411,77
1903,2024-10-17,19,100
1904,2025-04-07,291,60
1905,2025-01-06,33,34
1906,2025-09-06,82,53
1907,2025-01-16,117,89
1908,2025-05-05,367,70
1909,2024-10-07,397,41
1910,2025-05-05,359,23
1911,2025-07-09,345,31
1912,2025-01-18,458,32
1913,2025-05-10,407,98
1914,2025-08-25,306,64
1915,2025-07-03,197,86
1916,2024-12-07,200,83
1917,2024-12-03,267,85
1918,2025-02-16,470,44
1919,2024-09-18,197,65
1920,2025-07-05,500,47
1921,2024-12-06,114,96
1922,2025-02-25,7,96
1923,2025-03-13,114,85
1924,2025-03-04,363,24
1925,2024-10-09,404,79
1926,2025-03-02,53,89
1927,2024-11-03,315,97
1928,2024-12-10,331,81
1929,2025-09-04,166,97
1930,2024-11-06,238,37
1931,2024-12-25,295,98
1932,2025-01-25,412,28
1933,2025-03-24,458,39
1934,2025-07-25,461,60
1935,2025-02-13,157,82
1936,2024-10-13,97,43
1937,2025-01-16,477,51
1938,2024-09-29,147,77
1939,2024-10-28,36,99
1940,2024-12-09,304,85
1941,2025-02-10,179,51
1942,2025-02-23,79,46
1943,2025-06-01,276,45
1944,2025-04-06,174,33
1945,2025-01-09,52,67
1946,2025-01-30,56,68
1947,2024-10-14,28,71
1948,2024-09-30,1,33
1949,2025-05-12,360,87
1950,2024-11-28,195,67
1951,2025-02-14,137,41
1952,2024-10-25,241,54
1953,2025-03-10,441,52
1954,2025-04-14,102,31
1955,2025-01-23,5,40
1956,2025-08-23,454,82
1957,2024-12-20,157,87
1958,2024-12-11,440,76
1959,2025-08-27,162,35
1960,2025-07-20,160,34
1961,2025-06-17,106,93
1962,2025-08-14,486,55
1963,2025-08-22,309,69
1964,2025-03-08,453,61
1965,2024-10-01,401,25
1966,2024-11-10,408,77
1967,2025-03-05,42,74
1968,2025-05-14,497,49
1969,2025-06-16,188,86
1970,2025-01-23,368,98
1971,2025-05-09,48,28
1972,2025-03-17,270,76
1973,2025-03-05,79,20
1974,2025-07-29,117,83
1975,2024-10-17,292,30
1976,2025-01-15,248,45
1977,2025-01-04,407,55
1978,2025-01-19,266,78
1979,2025-01-22,206,77
1980,2025-04-01,332,80
1981,2024-10-19,321,66
1982,2024-12-18,207,32
1983,2024-09-13,92,85
1984,2025-03-01,454,25
1985,2025-07-17,170,68
1986,2025-01-23,247,77
1987,2024-12-21,93,68
1988,2024-09-23,97,32
1989,2024-11-18,80,44
1990,2025-04-04,296,97
1991,2025-05-07,329,42
1992,2025-03-22,191,64
1993,2025-04-16,316,92
1994,2025-01-13,459,20
1995,2024-11-11,277,48
1996,2025-07-21,374,59
1997,2025-05-15,470,67
1998,2025-07-05,110,100
1999,2025-08-08,241,74
2000,2024-10-28,157,39
