refund_id,order_id,product_id,refund_date,refund_amount,reason
1,16930,1774,2025-05-30,66.99,Wrong Item
2,17293,1224,2025-05-05,214.01,Wrong Item
3,6340,1015,2025-02-19,68.93,Other
4,11131,1052,2024-11-06,225.29,Other
5,17281,374,2024-12-07,156.71,Defective
6,18925,1093,2025-07-25,203.5,Wrong Item
7,1764,1742,2024-12-12,438.23,Wrong Item
8,16272,409,2024-09-30,139.84,Wrong Item
9,13446,506,2024-10-10,71.65,Customer Return
10,2189,1972,2025-05-04,75.33,Wrong Item
11,13929,901,2024-10-09,482.05,Customer Return
12,6775,1484,2025-05-30,151.82,Defective
13,13378,906,2025-01-13,41.03,Customer Return
14,2667,1474,2025-05-21,484.36,Customer Return
15,14314,1593,2025-03-10,260.87,Customer Return
16,15782,568,2025-07-04,210.89,Wrong Item
17,14670,429,2025-04-26,428.46,Wrong Item
18,8566,1208,2024-12-11,199.31,Other
19,15920,94,2025-03-14,154.37,Customer Return
20,7201,1841,2025-02-26,378.6,Other
21,10039,1389,2024-09-22,324.74,Defective
22,16826,625,2024-12-25,135.22,Defective
23,10921,1383,2025-07-13,280.18,Wrong Item
24,12525,1749,2024-11-30,140.5,Defective
25,15765,1235,2025-03-20,216.49,Customer Return
26,12686,1881,2024-11-16,66.96,Other
27,7680,1327,2025-05-04,214.49,Other
28,2915,196,2025-08-17,140.09,Defective
29,18098,1588,2025-02-01,184.81,Customer Return
30,17187,834,2025-04-28,132.91,Customer Return
31,13271,753,2025-04-22,479.29,Other
32,9083,1274,2025-04-12,271.04,Customer Return
33,19498,1442,2025-08-07,164.85,Defective
34,1590,787,2025-04-20,378.16,Customer Return
35,5697,877,2025-05-01,183.5,Wrong Item
36,8658,1980,2025-05-13,110.07,Other
37,6087,955,2025-07-03,338.63,Wrong Item
38,19930,1831,2025-04-20,395.05,Customer Return
39,3941,1009,2024-09-22,419.66,Defective
40,5880,1356,2024-09-29,5.89,Other
41,1443,712,2025-02-05,395.57,Wrong Item
42,11135,873,2025-07-31,55.82,Wrong Item
43,4214,385,2024-10-21,103.66,Customer Return
44,16547,1319,2025-03-20,18.99,Other
45,19616,808,2025-05-11,197.09,Wrong Item
46,14366,1181,2025-07-31,91.41,Other
47,8773,150,2024-10-25,45.62,Other
48,18883,316,2025-08-13,318.15,Defective
49,18415,1279,2025-03-20,496.81,Customer Return
50,10180,905,2025-08-13,150.72,Defective
51,6595,450,2025-09-09,311.84,Wrong Item
52,1968,1775,2024-11-22,240.64,Other
53,16428,1133,2025-04-28,163.76,Other
54,7264,38,2025-06-16,347.17,Wrong Item
55,8035,1182,2025-03-10,491.3,Other
56,10128,1988,2024-10-08,444.12,Other
57,16585,1280,2025-01-12,499.78,Other
58,871,163,2025-08-23,405.25,Defective
59,14363,1713,2025-05-18,371.07,Wrong Item
60,3286,288,2025-05-14,69.97,Other
61,3014,34,2025-02-08,82.37,Wrong Item
62,4471,775,2025-05-23,101.45,Defective
63,18618,1272,2025-03-29,233.64,Customer Return
64,2207,1694,2025-07-29,23.34,Customer Return
65,14023,115,2025-04-07,257.24,Customer Return
66,9249,195,2025-01-25,249.74,Wrong Item
67,11613,1594,2024-10-21,259.74,Wrong Item
68,12264,350,2025-01-12,342.3,Defective
69,4941,762,2025-03-02,259.34,Wrong Item
70,12329,753,2025-02-05,206.2,Customer Return
71,4161,448,2025-05-08,85.38,Customer Return
72,11233,1698,2025-03-12,280.17,Other
73,470,904,2025-07-31,433.71,Other
74,6608,676,2024-12-24,145.65,Defective
75,15507,1692,2025-08-14,274.5,Defective
76,5636,846,2024-12-02,166.53,Defective
77,10739,941,2025-06-14,12.97,Wrong Item
78,6703,1716,2025-03-27,458.5,Other
79,18458,842,2025-09-07,475.57,Customer Return
80,12464,265,2025-01-08,271.49,Customer Return
81,16071,1108,2025-02-13,128.27,Wrong Item
82,16958,533,2024-12-23,220.98,Other
83,3742,1662,2024-09-23,74.05,Wrong Item
84,4306,500,2024-10-09,158.42,Customer Return
85,1881,742,2025-09-06,262.28,Other
86,7514,981,2025-02-09,18.96,Customer Return
87,1638,924,2025-02-25,214.44,Other
88,6876,1639,2025-03-24,139.4,Wrong Item
89,13767,782,2024-09-17,489.33,Defective
90,2066,444,2025-06-09,250.45,Wrong Item
91,9228,36,2024-10-13,479.63,Defective
92,14442,1901,2025-07-02,260.82,Other
93,5974,641,2025-02-19,353.73,Customer Return
94,9053,97,2024-12-19,53.37,Defective
95,10423,463,2025-09-04,365.78,Defective
96,10976,529,2024-10-15,105.18,Other
97,7528,1967,2025-05-15,182.02,Other
98,5863,574,2025-05-31,138.59,Other
99,9657,1524,2025-02-18,37.4,Customer Return
100,5589,173,2024-10-09,248.3,Wrong Item
101,10359,787,2025-06-29,43.83,Defective
102,8034,1815,2025-03-24,401.88,Wrong Item
103,17860,425,2025-07-05,482.09,Customer Return
104,14803,492,2025-01-19,297.58,Customer Return
105,10552,786,2025-01-29,268.87,Defective
106,4313,168,2025-06-05,40.86,Defective
107,9021,1260,2024-10-21,207.58,Wrong Item
108,18678,1929,2025-02-11,484.62,Defective
109,7344,1200,2025-03-19,312.3,Other
110,9674,149,2025-08-23,124.23,Wrong Item
111,13015,146,2025-04-06,409.68,Other
112,13977,1621,2025-03-21,481.67,Other
113,12684,582,2025-02-28,163.84,Other
114,18617,170,2025-01-20,276.27,Customer Return
115,9667,541,2025-09-08,52.22,Defective
116,13559,1097,2024-09-20,277.1,Other
117,8092,1018,2024-09-17,269.39,Wrong Item
118,14779,1457,2024-11-26,417.04,Wrong Item
119,2830,1052,2024-12-02,92.62,Other
120,410,1813,2025-08-03,77.46,Wrong Item
121,1965,467,2024-10-14,475.5,Defective
122,12440,1341,2025-07-14,474.23,Wrong Item
123,13667,248,2025-05-26,298.82,Defective
124,14470,372,2025-03-25,404.28,Wrong Item
125,7655,672,2025-04-28,484.21,Other
126,15708,297,2025-01-12,379.0,Other
127,10117,14,2025-08-09,219.45,Other
128,17574,263,2025-02-14,155.34,Customer Return
129,7311,1220,2024-10-05,248.62,Customer Return
130,14305,860,2025-03-29,210.91,Defective
131,4158,117,2024-12-30,252.18,Wrong Item
132,8830,315,2025-05-04,404.0,Other
133,3358,1686,2024-12-17,465.13,Customer Return
134,15452,1141,2024-10-30,50.04,Wrong Item
135,17642,1294,2025-05-15,383.01,Customer Return
136,1157,1249,2025-07-20,283.91,Defective
137,17918,1564,2025-02-04,110.17,Other
138,14954,609,2024-09-29,91.69,Defective
139,10391,578,2025-04-29,62.27,Wrong Item
140,19745,1999,2024-11-26,409.72,Other
141,1309,1072,2024-11-30,309.25,Other
142,10225,850,2025-03-23,273.51,Wrong Item
143,13101,827,2025-08-19,152.98,Wrong Item
144,18881,669,2025-04-22,96.61,Defective
145,15899,721,2025-08-09,310.56,Other
146,6174,108,2025-04-14,166.06,Customer Return
147,3946,1537,2025-05-06,410.36,Other
148,11232,1423,2025-04-12,396.35,Other
149,15164,824,2024-12-09,109.87,Wrong Item
150,4199,1074,2024-09-14,433.85,Other
151,12994,319,2025-07-17,9.12,Defective
152,4302,144,2025-07-26,176.05,Defective
153,1770,391,2024-12-10,178.18,Customer Return
154,1000,651,2024-12-24,471.16,Defective
155,18297,1678,2025-01-20,15.06,Defective
156,8693,845,2025-05-03,89.65,Wrong Item
157,8499,1747,2024-12-28,47.73,Defective
158,16099,1761,2025-07-23,478.37,Wrong Item
159,5711,537,2025-03-01,100.81,Customer Return
160,14055,1199,2025-08-19,213.43,Customer Return
161,14109,1514,2025-03-27,196.24,Defective
162,17222,455,2025-06-15,268.92,Wrong Item
163,7394,1834,2024-09-14,327.85,Wrong Item
164,2341,1544,2024-12-26,457.46,Wrong Item
165,9810,148,2024-10-16,71.55,Defective
166,1029,1475,2024-09-26,470.62,Wrong Item
167,7784,1425,2024-10-01,338.06,Customer Return
168,19379,24,2025-04-03,361.89,Customer Return
169,1375,416,2024-12-11,456.64,Defective
170,5486,791,2025-01-26,351.21,Defective
171,9616,672,2025-03-04,187.92,Wrong Item
172,14780,1443,2024-11-09,191.27,Customer Return
173,19177,729,2025-06-30,234.62,Other
174,4965,1462,2025-03-18,421.31,Wrong Item
175,18051,1920,2024-10-02,441.17,Defective
176,12855,1207,2025-02-26,339.13,Defective
177,9596,1073,2025-09-07,127.24,Customer Return
178,12461,576,2025-08-14,236.38,Defective
179,3232,1280,2025-07-12,207.78,Other
180,7298,1848,2024-12-09,490.88,Defective
181,12850,907,2024-11-01,490.67,Other
182,11698,127,2025-03-15,405.42,Customer Return
183,11309,1356,2024-12-29,426.63,Customer Return
184,16117,1331,2025-01-04,130.91,Other
185,471,1016,2025-06-06,230.96,Customer Return
186,18174,348,2025-03-31,434.01,Customer Return
187,17445,1579,2025-03-07,189.48,Defective
188,12973,289,2024-11-01,133.09,Wrong Item
189,15630,728,2025-09-09,178.53,Other
190,7704,937,2024-11-09,143.65,Defective
191,2394,1481,2024-12-16,102.33,Wrong Item
192,2416,531,2025-05-25,51.09,Defective
193,3326,579,2025-05-20,399.81,Defective
194,3259,738,2024-09-25,267.17,Wrong Item
195,2647,1914,2025-05-09,207.87,Defective
196,19506,1671,2025-01-15,249.09,Customer Return
197,5602,1607,2024-11-20,103.29,Wrong Item
198,17947,820,2025-06-10,19.98,Customer Return
199,16831,714,2025-08-09,307.84,Defective
200,9730,1627,2025-02-12,309.93,Customer Return
201,16970,772,2025-07-25,265.1,Defective
202,12720,1976,2025-02-05,391.12,Wrong Item
203,5880,111,2025-08-20,10.83,Customer Return
204,6854,1935,2025-04-20,44.32,Defective
205,12765,1991,2025-07-25,153.85,Wrong Item
206,1225,489,2025-06-12,367.57,Defective
207,10273,968,2025-05-05,491.31,Defective
208,15122,1068,2024-10-07,400.88,Other
209,11437,1434,2025-01-28,494.06,Wrong Item
210,588,311,2025-04-19,179.51,Customer Return
211,12897,1015,2024-12-09,370.77,Defective
212,15921,1287,2024-11-30,401.47,Other
213,11227,681,2024-10-30,108.08,Customer Return
214,4832,39,2025-02-12,467.6,Wrong Item
215,7729,70,2025-07-18,18.76,Other
216,17786,316,2025-01-13,47.64,Wrong Item
217,19655,1165,2025-01-19,53.17,Other
218,11025,1229,2024-12-09,66.71,Other
219,18594,233,2025-06-26,323.02,Customer Return
220,7870,624,2025-08-26,160.56,Customer Return
221,14171,1400,2025-03-24,117.7,Wrong Item
222,14958,1693,2025-08-05,16.58,Other
223,14686,850,2025-03-12,480.11,Customer Return
224,8000,1252,2025-08-24,118.53,Customer Return
225,14657,271,2025-08-20,282.45,Other
226,19750,1322,2025-05-31,18.03,Customer Return
227,19443,131,2025-05-29,333.39,Other
228,13787,737,2024-12-06,326.6,Customer Return
229,2462,286,2024-12-24,150.86,Other
230,5715,48,2024-09-15,53.59,Customer Return
231,2413,1409,2025-08-27,397.16,Customer Return
232,1298,404,2025-05-14,275.67,Customer Return
233,11070,806,2024-11-12,183.1,Defective
234,615,1898,2025-03-14,116.68,Customer Return
235,10795,1832,2025-01-12,484.48,Defective
236,15624,490,2025-03-14,162.88,Defective
237,13035,798,2025-03-16,315.96,Wrong Item
238,19939,1916,2024-12-16,421.38,Customer Return
239,16566,1208,2025-03-21,119.77,Customer Return
240,11469,1919,2025-06-12,42.69,Defective
241,16195,473,2025-09-04,479.98,Defective
242,13701,1017,2024-12-10,225.53,Wrong Item
243,2583,1496,2024-12-07,256.93,Customer Return
244,5511,1969,2024-12-05,135.53,Customer Return
245,14748,1184,2025-01-06,257.72,Defective
246,18596,1957,2025-05-21,106.65,Customer Return
247,8356,1422,2025-05-19,495.42,Customer Return
248,5273,930,2025-08-07,89.14,Other
249,9398,920,2024-11-14,295.79,Wrong Item
250,6907,1639,2024-10-09,493.24,Defective
251,563,1438,2025-03-04,302.54,Defective
252,5267,1547,2025-03-21,102.54,Customer Return
253,7626,1149,2025-08-09,134.4,Wrong Item
254,6507,613,2025-04-11,490.96,Other
255,18907,1770,2024-10-14,192.33,Defective
256,3844,1052,2025-06-24,75.14,Defective
257,2840,1038,2024-12-28,278.76,Defective
258,9160,632,2025-04-16,130.86,Wrong Item
259,11740,1619,2024-10-28,160.06,Customer Return
260,10038,1020,2025-08-29,236.95,Customer Return
261,3833,150,2025-03-09,10.82,Customer Return
262,9551,1100,2025-02-04,46.91,Other
263,13829,724,2025-05-21,342.9,Wrong Item
264,17505,379,2025-01-22,136.62,Defective
265,14571,290,2025-03-28,183.13,Other
266,16211,40,2025-04-27,423.83,Wrong Item
267,6534,1885,2024-10-06,422.9,Wrong Item
268,9596,1087,2025-04-30,219.7,Wrong Item
269,19967,1331,2025-05-22,463.42,Wrong Item
270,8824,1192,2025-03-11,130.43,Other
271,2786,1159,2025-05-02,341.32,Wrong Item
272,13754,866,2024-09-09,374.26,Defective
273,25,1691,2025-01-23,378.6,Wrong Item
274,7509,1985,2025-07-27,217.93,Other
275,5399,356,2024-12-30,394.95,Other
276,14449,1814,2024-10-20,226.37,Other
277,5072,228,2024-09-17,52.09,Wrong Item
278,19841,1573,2025-01-04,172.86,Other
279,18139,1417,2025-05-28,302.72,Defective
280,1513,329,2024-11-22,498.0,Wrong Item
281,9753,383,2025-01-10,277.54,Wrong Item
282,14680,510,2025-05-01,480.35,Wrong Item
283,16495,1246,2025-04-22,322.7,Customer Return
284,777,1731,2025-05-28,175.67,Customer Return
285,10328,1194,2025-06-13,146.65,Wrong Item
286,13263,1035,2024-09-12,445.42,Wrong Item
287,708,917,2025-07-23,27.09,Customer Return
288,6343,1055,2025-04-23,195.65,Wrong Item
289,15087,1067,2024-09-15,375.38,Other
290,13973,1383,2024-11-24,317.2,Wrong Item
291,54,1830,2025-08-03,458.91,Other
292,499,380,2025-03-13,19.98,Wrong Item
293,17925,232,2024-11-11,117.12,Other
294,5819,1839,2025-08-12,403.06,Wrong Item
295,12702,1238,2024-09-28,322.61,Defective
296,1012,343,2025-07-19,455.35,Other
297,12199,763,2025-03-07,130.71,Customer Return
298,3934,738,2025-05-31,309.17,Customer Return
299,1066,1103,2025-01-08,360.12,Other
300,12393,1577,2025-07-10,52.07,Customer Return
301,2497,630,2025-02-20,189.6,Wrong Item
302,8079,1520,2025-07-15,245.91,Customer Return
303,8321,237,2025-07-29,304.69,Customer Return
304,13586,1371,2025-06-23,474.46,Other
305,3799,477,2025-08-09,492.71,Wrong Item
306,12146,1317,2025-07-07,436.99,Wrong Item
307,18149,923,2025-04-08,240.37,Wrong Item
308,3575,565,2025-04-19,222.29,Customer Return
309,11669,153,2024-12-04,22.69,Wrong Item
310,8783,944,2025-07-29,498.06,Other
311,13702,878,2024-12-20,396.74,Other
312,14171,1192,2025-04-04,107.54,Wrong Item
313,18145,1428,2024-10-07,267.02,Customer Return
314,16249,484,2024-12-03,106.22,Customer Return
315,11705,1760,2025-03-29,160.02,Defective
316,5780,1642,2025-07-28,379.14,Wrong Item
317,232,593,2025-03-15,302.52,Defective
318,11620,1459,2025-03-10,229.12,Defective
319,18947,1187,2025-06-11,53.1,Customer Return
320,8964,635,2024-09-11,285.4,Wrong Item
321,8201,391,2025-03-26,114.24,Customer Return
322,14538,433,2024-11-19,371.88,Wrong Item
323,2659,369,2025-02-21,233.12,Wrong Item
324,2484,1222,2025-04-04,282.61,Wrong Item
325,4908,726,2025-08-24,78.76,Defective
326,12705,82,2025-07-30,178.49,Wrong Item
327,17220,1784,2024-12-27,227.72,Customer Return
328,17412,1613,2025-06-23,490.44,Customer Return
329,5450,1724,2024-09-09,349.53,Other
330,13950,1365,2025-04-06,267.19,Wrong Item
331,16233,515,2024-11-04,366.78,Wrong Item
332,3226,85,2025-04-27,130.99,Wrong Item
333,12008,637,2025-04-27,277.53,Wrong Item
334,13154,1534,2025-02-01,77.1,Customer Return
335,7466,1961,2024-11-11,406.91,Other
336,11560,281,2025-01-13,12.31,Other
337,1951,1971,2025-04-18,152.21,Wrong Item
338,13073,1556,2024-10-20,297.8,Wrong Item
339,10952,1786,2024-12-29,425.21,Other
340,18007,1099,2025-01-12,362.2,Wrong Item
341,8279,601,2024-10-30,39.77,Customer Return
342,15341,1326,2025-08-20,485.29,Defective
343,10360,761,2025-05-21,361.62,Customer Return
344,8201,630,2025-05-07,186.07,Other
345,10372,149,2025-03-21,356.62,Customer Return
346,13773,584,2025-05-11,93.29,Other
347,11730,1173,2025-09-01,234.32,Defective
348,3530,1993,2024-10-27,31.28,Customer Return
349,17964,611,2025-04-12,195.46,Defective
350,1801,1445,2025-02-12,43.44,Wrong Item
351,8032,720,2025-03-11,301.29,Wrong Item
352,6444,1601,2024-11-20,438.89,Other
353,10144,892,2025-04-22,425.6,Wrong Item
354,3191,283,2025-07-09,332.93,Other
355,1090,1143,2025-05-03,447.28,Wrong Item
356,6120,1140,2025-08-19,487.36,Customer Return
357,8551,1237,2025-05-02,300.76,Customer Return
358,5943,710,2025-07-08,64.41,Wrong Item
359,5937,597,2024-12-18,214.41,Wrong Item
360,9649,201,2024-10-03,105.83,Defective
361,1049,1663,2024-10-29,158.53,Wrong Item
362,15990,518,2025-04-08,310.42,Other
363,2975,330,2025-02-07,37.65,Customer Return
364,334,1654,2025-04-09,238.65,Other
365,17547,165,2025-02-13,228.95,Customer Return
366,11491,503,2025-06-26,457.31,Defective
367,13639,977,2025-05-04,421.02,Customer Return
368,3582,1912,2024-12-25,77.52,Defective
369,16215,644,2024-11-13,262.02,Other
370,2251,1991,2025-05-30,284.99,Other
371,13616,1393,2024-11-21,459.42,Customer Return
372,1860,831,2024-10-27,370.02,Customer Return
373,7426,366,2025-05-12,373.62,Defective
374,18167,236,2025-04-06,264.88,Defective
375,1932,1363,2025-04-26,371.13,Customer Return
376,4570,1413,2025-01-16,201.83,Defective
377,4594,72,2025-04-06,185.75,Wrong Item
378,14190,1775,2025-06-07,292.4,Other
379,19303,627,2024-09-18,244.98,Wrong Item
380,4014,220,2025-04-13,198.88,Other
381,726,1278,2025-04-27,47.66,Other
382,19980,1633,2025-03-22,14.64,Other
383,7045,475,2025-05-21,457.18,Wrong Item
384,18083,167,2025-05-21,413.29,Customer Return
385,9977,1698,2025-06-19,61.49,Other
386,4739,1524,2025-06-19,469.3,Other
387,10989,1883,2025-05-12,437.68,Defective
388,17681,1321,2025-07-25,296.59,Wrong Item
389,7206,1416,2025-06-30,393.79,Wrong Item
390,8600,606,2025-03-08,253.09,Other
391,6323,1776,2025-02-28,255.61,Wrong Item
392,4195,1688,2025-08-21,448.26,Wrong Item
393,11557,1662,2025-06-03,105.89,Customer Return
394,19928,293,2025-03-17,492.37,Wrong Item
395,3218,326,2024-11-15,104.24,Wrong Item
396,18722,619,2024-10-04,165.44,Wrong Item
397,4261,450,2024-12-23,341.4,Other
398,13055,785,2025-07-23,99.71,Customer Return
399,15421,1667,2025-07-10,301.37,Defective
400,14456,1077,2024-11-03,424.3,Customer Return
401,18633,342,2025-08-21,235.04,Wrong Item
402,16904,378,2024-10-25,221.74,Other
403,10597,1978,2025-06-27,192.02,Defective
404,3888,929,2025-03-12,487.75,Defective
405,17998,1701,2024-12-20,236.34,Customer Return
406,2848,1796,2025-05-16,261.41,Customer Return
407,465,652,2025-09-09,272.16,Other
408,11760,991,2024-12-06,188.74,Wrong Item
409,6007,1228,2025-08-10,25.28,Defective
410,19275,282,2025-07-02,374.47,Other
411,9241,734,2025-08-23,49.96,Other
412,19514,803,2025-05-01,36.63,Other
413,510,1326,2025-02-14,284.74,Other
414,18496,625,2025-05-03,91.9,Other
415,4601,820,2024-10-17,412.07,Other
416,14111,865,2025-08-25,438.51,Other
417,12547,1013,2025-06-29,412.98,Defective
418,12392,794,2024-11-26,409.45,Defective
419,1661,733,2024-10-15,488.18,Wrong Item
420,11891,1005,2024-12-23,322.08,Defective
421,7005,626,2024-12-16,405.48,Other
422,2758,144,2024-12-22,436.92,Defective
423,1216,501,2025-03-09,499.48,Other
424,7470,1214,2025-09-01,217.41,Wrong Item
425,19901,67,2025-02-21,338.06,Customer Return
426,18348,1176,2025-06-27,449.71,Defective
427,18274,940,2025-01-08,180.97,Defective
428,10075,791,2025-03-11,77.71,Wrong Item
429,14757,1182,2025-04-19,453.17,Customer Return
430,9212,1810,2025-06-06,257.98,Defective
431,14392,379,2025-03-02,201.84,Other
432,7980,1654,2025-08-26,185.73,Wrong Item
433,7584,512,2025-04-02,301.76,Wrong Item
434,2462,1022,2025-03-24,192.54,Wrong Item
435,15166,185,2025-01-08,48.54,Customer Return
436,3185,1357,2024-11-29,221.31,Customer Return
437,4718,1157,2025-02-13,457.63,Other
438,6464,521,2025-03-18,67.95,Defective
439,12721,1409,2024-11-02,150.16,Other
440,6054,1281,2024-09-28,40.52,Other
441,14068,914,2025-05-08,81.11,Defective
442,3619,856,2024-10-19,499.96,Other
443,15853,20,2024-12-02,43.31,Wrong Item
444,13906,816,2025-03-02,219.9,Wrong Item
445,11164,426,2024-11-08,102.12,Other
446,19520,173,2025-08-31,155.78,Other
447,1434,384,2024-11-02,478.83,Wrong Item
448,6817,806,2024-10-16,240.36,Wrong Item
449,3373,1259,2025-04-27,263.35,Customer Return
450,16948,1579,2025-01-19,272.18,Other
451,17234,1078,2024-11-21,293.8,Customer Return
452,18490,1752,2025-07-31,100.73,Defective
453,5929,1995,2025-02-07,299.89,Customer Return
454,14582,610,2025-02-26,389.1,Customer Return
455,1128,1092,2024-12-28,177.96,Defective
456,14349,234,2025-07-17,279.41,Wrong Item
457,3632,155,2025-04-30,80.55,Customer Return
458,11648,1827,2025-07-05,396.43,Other
459,7549,926,2024-12-13,113.77,Customer Return
460,10542,1410,2025-02-12,145.07,Defective
461,4713,809,2025-05-18,101.54,Defective
462,12959,786,2024-12-04,417.28,Customer Return
463,15521,330,2025-02-13,428.3,Customer Return
464,7298,1626,2025-05-22,348.5,Defective
465,3968,1606,2025-03-27,288.36,Customer Return
466,4396,1566,2025-03-18,413.98,Other
467,19929,829,2025-04-29,272.6,Wrong Item
468,7471,1868,2025-03-04,438.39,Defective
469,18786,662,2024-12-22,61.65,Other
470,9256,371,2024-12-13,491.63,Other
471,1658,1619,2025-06-04,372.56,Other
472,10349,831,2024-09-12,478.5,Wrong Item
473,2403,551,2025-07-25,461.86,Wrong Item
474,5806,1029,2025-06-08,331.09,Defective
475,16761,1453,2025-05-17,481.2,Customer Return
476,11388,370,2025-08-16,429.32,Other
477,5255,1241,2025-07-07,12.46,Defective
478,9430,1425,2025-01-09,67.91,Customer Return
479,19324,1600,2025-01-17,61.49,Defective
480,12335,1898,2025-06-08,48.94,Customer Return
481,17888,1977,2024-12-27,193.48,Defective
482,8877,1167,2025-03-03,398.51,Other
483,15971,1895,2025-06-27,111.99,Other
484,6001,815,2024-12-20,133.32,Wrong Item
485,16657,1789,2025-03-02,82.93,Wrong Item
486,1523,1690,2025-04-19,243.47,Other
487,4424,974,2025-02-26,90.82,Wrong Item
488,16445,18,2025-08-05,128.31,Defective
489,6209,974,2024-12-29,328.83,Defective
490,1474,1921,2025-01-15,184.37,Defective
491,16972,950,2024-10-02,322.61,Defective
492,3158,390,2024-11-19,93.49,Customer Return
493,7621,173,2025-07-14,313.47,Customer Return
494,14239,739,2025-07-24,168.25,Other
495,18925,964,2025-03-05,293.26,Defective
496,10185,49,2025-06-10,32.14,Wrong Item
497,13426,1324,2025-03-17,221.64,Wrong Item
498,15413,1594,2024-12-16,232.73,Wrong Item
499,4362,1844,2024-10-08,107.19,Other
500,2749,684,2025-06-23,338.03,Wrong Item
501,2127,301,2025-07-17,81.94,Customer Return
502,10981,82,2025-02-25,498.7,Wrong Item
503,7236,1575,2024-11-04,308.72,Other
504,14006,1108,2025-03-20,466.48,Defective
505,5697,1315,2024-12-30,491.17,Other
506,16436,441,2025-04-30,39.41,Defective
507,17277,169,2024-09-26,216.0,Customer Return
508,16126,579,2025-05-14,96.92,Defective
509,17583,194,2025-06-10,179.09,Customer Return
510,2174,926,2025-06-02,384.48,Other
511,8261,445,2025-08-11,252.37,Customer Return
512,5077,551,2024-12-07,356.01,Defective
513,10256,693,2024-09-29,139.2,Wrong Item
514,11742,1761,2025-03-13,274.56,Defective
515,17486,220,2024-12-30,436.32,Customer Return
516,11901,609,2025-05-13,198.93,Defective
517,3725,1808,2024-12-14,190.99,Customer Return
518,15433,557,2025-01-10,174.96,Other
519,18159,786,2024-10-10,226.44,Wrong Item
520,19412,1384,2024-12-06,281.09,Wrong Item
521,5201,1262,2024-09-22,483.11,Wrong Item
522,6709,1732,2024-09-23,465.95,Wrong Item
523,6727,932,2025-01-18,276.29,Other
524,10986,1135,2024-11-21,481.42,Wrong Item
525,14771,1161,2024-12-15,386.21,Wrong Item
526,2392,68,2025-03-23,375.54,Other
527,2271,212,2024-10-09,440.42,Customer Return
528,17253,960,2024-09-29,319.9,Customer Return
529,15680,1759,2025-08-07,62.02,Customer Return
530,14047,1335,2025-06-11,249.11,Other
531,9899,1254,2025-07-06,86.55,Wrong Item
532,16260,1010,2025-05-14,286.5,Wrong Item
533,1801,1500,2024-10-30,352.06,Wrong Item
534,7430,383,2024-11-03,429.99,Customer Return
535,9419,1392,2024-11-29,209.66,Customer Return
536,6215,271,2025-01-22,263.42,Wrong Item
537,19156,7,2025-08-03,296.04,Defective
538,16879,63,2024-11-24,34.7,Other
539,3768,1306,2025-01-23,68.0,Wrong Item
540,8390,693,2025-09-08,6.72,Customer Return
541,15287,1051,2024-10-31,123.72,Wrong Item
542,7249,278,2025-01-02,268.39,Defective
543,2810,1324,2025-03-12,134.64,Other
544,18817,526,2024-10-09,154.34,Wrong Item
545,18504,3,2025-03-19,101.71,Defective
546,19650,497,2025-06-17,396.59,Customer Return
547,15833,1636,2025-02-09,187.68,Wrong Item
548,13114,1602,2025-01-10,51.1,Other
549,3782,476,2024-10-05,30.84,Other
550,9126,1971,2025-06-23,198.97,Other
551,4450,339,2025-03-23,21.74,Wrong Item
552,9528,1947,2025-03-13,144.94,Wrong Item
553,9568,1733,2025-02-19,296.41,Defective
554,1158,308,2025-09-02,94.94,Other
555,13963,1074,2024-10-01,211.91,Customer Return
556,16287,748,2025-05-23,451.68,Other
557,863,411,2025-02-15,77.05,Wrong Item
558,18182,100,2025-06-14,75.8,Wrong Item
559,9052,841,2024-09-25,385.89,Defective
560,3761,4,2025-07-25,364.86,Customer Return
561,9101,764,2025-03-28,170.38,Defective
562,14742,510,2024-11-28,99.66,Wrong Item
563,19313,1991,2025-08-26,29.96,Wrong Item
564,9194,1300,2024-10-07,30.83,Other
565,5056,1140,2024-12-20,106.48,Defective
566,8682,1823,2024-10-09,55.24,Wrong Item
567,4101,1743,2025-02-08,102.53,Other
568,10363,1535,2025-07-22,46.96,Customer Return
569,1269,1121,2024-12-16,422.68,Customer Return
570,684,1419,2025-02-09,28.9,Defective
571,7512,674,2025-05-02,190.04,Defective
572,9483,174,2024-11-05,497.99,Customer Return
573,11794,14,2025-07-17,375.76,Wrong Item
574,15318,1248,2025-08-22,223.46,Defective
575,70,369,2025-07-19,445.58,Other
576,9839,436,2024-12-08,291.97,Wrong Item
577,16171,1975,2024-12-26,295.42,Other
578,9526,231,2025-06-15,83.77,Customer Return
579,439,592,2025-05-17,350.04,Wrong Item
580,6649,1738,2025-08-03,325.07,Customer Return
581,7737,556,2025-02-18,281.11,Defective
582,15277,544,2024-10-21,78.25,Wrong Item
583,8089,835,2025-05-11,6.62,Other
584,5697,547,2025-07-25,433.47,Defective
585,11743,1036,2024-09-09,158.81,Other
586,12208,1680,2024-12-01,351.81,Other
587,16495,35,2025-03-16,29.34,Customer Return
588,217,1245,2024-10-04,159.33,Other
589,19291,1108,2025-03-08,488.62,Other
590,17823,1897,2024-11-18,466.7,Customer Return
591,12050,1815,2025-09-05,431.9,Wrong Item
592,12122,627,2025-06-20,162.05,Wrong Item
593,12304,1996,2025-04-28,207.87,Defective
594,19354,966,2025-01-10,464.68,Defective
595,2169,260,2024-09-10,354.69,Defective
596,3473,104,2024-09-13,245.65,Wrong Item
597,9268,909,2025-04-25,411.78,Other
598,1567,1309,2024-10-07,145.88,Other
599,1295,156,2024-10-05,177.1,Customer Return
600,8075,1222,2025-03-12,9.39,Defective
601,14378,1110,2024-09-18,154.58,Customer Return
602,375,1433,2025-08-17,206.87,Defective
603,6478,404,2025-02-17,188.5,Defective
604,432,1199,2025-04-02,37.58,Other
605,9496,1817,2025-04-24,333.44,Customer Return
606,18713,213,2024-10-22,81.05,Other
607,7594,1,2025-05-23,361.83,Wrong Item
608,9798,862,2025-08-29,461.19,Defective
609,7252,1124,2025-01-23,169.04,Wrong Item
610,17146,1872,2025-06-13,248.35,Defective
611,5440,900,2024-09-18,450.12,Wrong Item
612,15597,1934,2025-03-13,197.21,Defective
613,18886,1121,2025-06-09,390.43,Customer Return
614,19980,1883,2024-12-12,499.79,Defective
615,4254,1098,2024-11-23,349.0,Defective
616,11258,749,2025-09-09,150.65,Defective
617,12431,1307,2024-10-29,380.53,Customer Return
618,10268,1337,2025-06-20,237.37,Defective
619,9897,62,2024-10-27,263.23,Other
620,13567,1778,2025-03-19,461.67,Customer Return
621,6554,63,2024-12-24,197.17,Defective
622,3881,1386,2025-03-08,249.69,Other
623,6382,1509,2025-03-19,190.68,Customer Return
624,944,562,2024-09-14,196.71,Customer Return
625,10347,743,2024-11-19,225.55,Other
626,5941,49,2025-03-05,216.79,Wrong Item
627,6258,778,2024-11-07,42.2,Defective
628,11413,1711,2024-09-24,461.96,Defective
629,18771,1037,2025-04-25,127.65,Wrong Item
630,1749,143,2025-08-25,166.57,Other
631,9869,1725,2024-09-18,56.25,Defective
632,11341,944,2024-09-24,369.24,Other
633,4756,1482,2025-07-04,81.83,Wrong Item
634,6781,229,2024-12-29,266.21,Other
635,17679,910,2024-12-18,162.62,Customer Return
636,17637,1898,2025-04-12,491.37,Wrong Item
637,16483,353,2024-10-09,215.8,Wrong Item
638,3582,744,2024-10-08,351.72,Customer Return
639,528,1366,2024-12-15,106.84,Wrong Item
640,8307,1445,2025-01-11,336.52,Wrong Item
641,11214,947,2025-01-02,159.35,Wrong Item
642,16069,654,2025-08-24,283.37,Other
643,5300,253,2024-10-02,484.49,Customer Return
644,15114,1968,2025-08-10,450.58,Defective
645,15090,1247,2025-07-28,421.5,Wrong Item
646,14606,1758,2024-12-05,294.21,Wrong Item
647,16228,1373,2024-11-17,200.67,Defective
648,10886,1942,2025-01-04,92.97,Wrong Item
649,11955,134,2025-02-07,150.07,Defective
650,12490,301,2025-03-25,345.73,Wrong Item
651,19262,347,2025-05-26,241.29,Customer Return
652,17722,740,2025-01-13,493.2,Defective
653,224,389,2025-05-24,158.21,Customer Return
654,6928,1312,2025-04-23,300.46,Customer Return
655,12023,1113,2025-03-20,73.78,Defective
656,13283,1403,2024-09-30,65.15,Wrong Item
657,3586,1588,2024-12-27,25.92,Wrong Item
658,84,692,2025-03-15,230.06,Wrong Item
659,15297,710,2024-12-20,395.25,Customer Return
660,18070,781,2025-01-09,227.09,Wrong Item
661,1011,1072,2024-10-18,203.33,Other
662,14743,36,2024-10-18,425.56,Other
663,12190,1548,2024-12-30,67.49,Customer Return
664,2907,78,2025-08-31,122.52,Customer Return
665,1870,112,2025-07-11,311.94,Wrong Item
666,9354,1807,2025-02-05,373.67,Wrong Item
667,8103,1756,2025-02-09,302.97,Wrong Item
668,2332,1543,2025-01-26,191.57,Wrong Item
669,15695,707,2024-12-22,320.76,Wrong Item
670,7291,333,2025-06-04,356.19,Defective
671,10921,1491,2025-07-03,126.97,Customer Return
672,3683,1087,2025-04-08,108.77,Defective
673,6111,797,2025-01-27,210.77,Customer Return
674,15213,614,2025-07-01,368.38,Defective
675,6765,362,2025-01-27,107.14,Defective
676,11836,1535,2025-01-19,156.37,Customer Return
677,18553,599,2025-04-12,268.71,Defective
678,6717,1202,2025-07-31,318.63,Defective
679,14451,1912,2025-07-01,71.82,Defective
680,10410,1455,2024-09-10,23.41,Wrong Item
681,747,1770,2024-12-03,33.83,Defective
682,3523,1689,2024-11-14,289.01,Other
683,597,458,2024-10-28,239.93,Defective
684,333,547,2025-07-14,369.94,Defective
685,17065,687,2024-11-23,190.42,Wrong Item
686,17663,1287,2025-03-13,330.31,Customer Return
687,12235,1788,2025-08-17,275.65,Defective
688,7323,1347,2024-12-15,170.58,Defective
689,9558,902,2024-10-01,230.09,Wrong Item
690,17008,1998,2025-05-06,36.64,Customer Return
691,14798,1385,2025-02-23,437.56,Other
692,9178,961,2025-06-29,231.26,Defective
693,15805,968,2024-10-07,245.13,Other
694,19907,798,2025-02-25,379.33,Other
695,16522,227,2025-09-05,347.76,Wrong Item
696,3951,1792,2024-10-14,108.82,Other
697,14498,1584,2025-05-25,309.3,Defective
698,4917,1182,2024-09-13,283.26,Other
699,3772,1233,2024-10-24,279.73,Wrong Item
700,14213,728,2025-02-25,323.13,Wrong Item
701,19103,894,2025-06-20,79.75,Defective
702,16873,245,2025-07-29,163.57,Other
703,1882,1689,2025-08-06,76.51,Wrong Item
704,12906,1657,2025-05-08,39.12,Defective
705,2433,1892,2024-12-17,5.77,Other
706,4493,1281,2025-02-04,125.33,Customer Return
707,7020,19,2025-02-27,216.81,Wrong Item
708,11715,943,2025-07-09,393.36,Wrong Item
709,19421,241,2025-02-15,30.9,Other
710,2597,1078,2025-04-14,266.35,Customer Return
711,14715,874,2025-01-13,499.62,Customer Return
712,10194,520,2025-07-31,335.42,Wrong Item
713,665,544,2025-05-01,494.62,Customer Return
714,10911,664,2025-05-29,414.52,Defective
715,14690,1059,2024-10-09,25.17,Defective
716,7691,632,2025-07-18,363.69,Defective
717,7357,1438,2025-03-14,139.67,Defective
718,13095,354,2025-07-06,54.78,Customer Return
719,19686,1072,2025-02-21,75.64,Customer Return
720,16988,237,2024-12-28,57.02,Wrong Item
721,7881,733,2025-02-18,474.9,Customer Return
722,981,1806,2024-10-17,182.39,Defective
723,11441,1077,2025-04-15,312.35,Wrong Item
724,3059,610,2025-04-29,428.84,Defective
725,5728,900,2025-03-02,98.93,Other
726,1922,329,2025-04-14,149.94,Customer Return
727,14123,294,2025-08-09,122.41,Other
728,3578,781,2025-02-17,305.84,Defective
729,615,1751,2025-07-06,6.75,Other
730,19815,435,2025-05-12,146.79,Other
731,8084,1755,2024-11-04,284.96,Defective
732,2381,854,2025-08-19,177.49,Defective
733,14540,766,2025-01-11,351.53,Defective
734,723,45,2025-03-22,85.46,Defective
735,16430,117,2025-04-26,158.92,Defective
736,15010,1226,2025-04-11,200.5,Defective
737,16964,1460,2024-12-14,455.59,Defective
738,19397,1447,2025-03-14,317.54,Defective
739,6754,805,2024-12-01,156.65,Customer Return
740,4260,1515,2024-10-28,417.34,Defective
741,2955,136,2025-09-05,492.7,Defective
742,7074,111,2024-12-25,49.27,Defective
743,10910,901,2024-11-15,38.81,Defective
744,9390,1306,2024-12-06,419.9,Wrong Item
745,5275,391,2024-09-21,183.86,Other
746,12928,1658,2024-10-20,488.45,Other
747,9841,1707,2024-12-26,217.57,Other
748,9488,27,2024-12-23,498.88,Defective
749,17386,1089,2024-11-10,328.92,Defective
750,12045,1166,2025-04-24,129.35,Wrong Item
751,6436,1747,2025-05-16,168.83,Defective
752,14870,701,2025-06-30,496.41,Wrong Item
753,12768,896,2024-12-19,422.49,Other
754,12879,370,2025-04-03,291.99,Customer Return
755,3124,1115,2025-08-24,426.41,Wrong Item
756,11121,759,2025-07-05,403.99,Customer Return
757,6244,444,2024-11-18,86.62,Customer Return
758,13975,650,2025-06-05,32.67,Wrong Item
759,15002,1538,2024-12-21,237.89,Customer Return
760,6191,157,2025-01-11,27.51,Defective
761,6297,758,2025-05-31,212.76,Defective
762,7361,558,2024-09-19,116.51,Other
763,5793,1228,2025-06-02,158.49,Customer Return
764,11441,145,2025-07-27,58.65,Customer Return
765,15448,111,2024-10-09,127.27,Other
766,12401,866,2024-10-19,78.91,Wrong Item
767,13673,478,2024-12-25,467.06,Other
768,16638,165,2025-01-18,486.64,Customer Return
769,18768,1336,2024-12-22,287.48,Other
770,18089,857,2025-07-02,323.85,Wrong Item
771,1481,1626,2024-10-10,138.08,Wrong Item
772,9682,1960,2025-05-22,363.99,Defective
773,5381,1030,2024-10-01,202.75,Other
774,7833,1948,2024-11-04,225.25,Defective
775,9851,1832,2025-02-06,127.02,Wrong Item
776,2001,910,2025-05-06,358.48,Customer Return
777,827,590,2025-09-03,100.99,Defective
778,18821,1135,2025-06-18,407.07,Customer Return
779,2495,382,2025-01-20,171.15,Defective
780,14399,738,2025-04-02,38.78,Defective
781,11280,1969,2025-07-01,39.3,Wrong Item
782,4200,1292,2024-10-03,161.77,Customer Return
783,5869,1536,2025-09-08,268.7,Other
784,11575,1035,2024-11-11,93.37,Other
785,13551,1968,2024-12-09,261.33,Defective
786,4875,116,2024-10-24,101.98,Defective
787,14004,94,2024-11-15,29.44,Other
788,15490,1778,2025-04-11,207.56,Other
789,12756,830,2025-08-20,489.93,Other
790,6507,1379,2025-05-09,348.37,Defective
791,17225,1999,2025-07-14,123.59,Other
792,13224,394,2025-04-26,69.8,Other
793,11400,156,2024-10-19,481.7,Customer Return
794,9883,894,2025-05-20,265.42,Defective
795,115,1785,2024-09-29,431.4,Customer Return
796,9349,501,2024-12-07,316.34,Other
797,1987,1068,2025-04-27,208.35,Wrong Item
798,15864,47,2025-08-22,127.71,Defective
799,4144,506,2024-09-16,441.88,Other
800,2906,1515,2025-04-28,170.11,Customer Return
801,4924,1351,2025-06-04,158.07,Wrong Item
802,6857,1797,2025-03-08,300.49,Other
803,3172,989,2025-08-24,285.19,Customer Return
804,5245,1313,2024-10-28,175.1,Customer Return
805,8700,939,2025-09-03,202.78,Defective
806,8723,1116,2025-06-08,419.94,Wrong Item
807,8477,218,2025-09-05,188.36,Customer Return
808,15357,1821,2025-01-30,157.96,Wrong Item
809,14745,1470,2025-06-05,19.15,Wrong Item
810,7855,557,2024-12-26,98.74,Customer Return
811,5682,1416,2024-11-01,321.89,Defective
812,324,586,2024-09-13,226.92,Wrong Item
813,18568,714,2025-07-04,293.5,Other
814,124,1757,2025-07-15,199.35,Other
815,18232,59,2024-11-27,348.76,Customer Return
816,18540,431,2025-01-17,312.12,Wrong Item
817,10879,2000,2025-06-09,401.37,Customer Return
818,11106,218,2025-04-18,168.14,Customer Return
819,13175,299,2025-06-22,83.98,Customer Return
820,7381,1688,2025-06-26,164.24,Defective
821,3228,1275,2025-07-14,393.75,Wrong Item
822,10721,1725,2025-01-25,152.81,Other
823,4434,1040,2025-03-23,213.09,Wrong Item
824,3435,231,2025-04-28,430.41,Defective
825,10682,486,2025-03-21,392.23,Customer Return
826,8286,937,2025-06-10,468.23,Other
827,5672,1990,2024-11-26,333.11,Customer Return
828,824,101,2025-01-15,11.19,Other
829,8650,208,2025-01-29,393.86,Defective
830,6237,1405,2025-04-07,245.68,Defective
831,16534,6,2025-07-03,116.97,Wrong Item
832,1548,1967,2024-12-30,95.96,Defective
833,554,125,2025-01-23,265.92,Defective
834,14901,184,2024-09-22,235.84,Customer Return
835,10702,764,2025-08-30,328.97,Wrong Item
836,12446,769,2025-02-08,476.6,Other
837,12287,481,2025-08-23,212.22,Customer Return
838,4603,404,2025-09-03,270.6,Defective
839,10695,1782,2024-10-25,233.1,Customer Return
840,12779,938,2025-04-17,282.99,Other
841,2446,981,2024-09-24,301.63,Other
842,12304,1245,2025-02-21,225.98,Defective
843,7996,196,2024-09-30,10.72,Other
844,7401,1688,2025-04-04,424.26,Wrong Item
845,14423,1603,2025-05-10,412.36,Defective
846,16347,1859,2024-12-23,77.39,Other
847,17953,230,2024-09-17,367.47,Customer Return
848,14924,1874,2024-12-20,179.45,Defective
849,1897,1152,2025-06-21,65.5,Defective
850,5323,1389,2025-03-09,148.02,Wrong Item
851,17840,353,2024-09-09,300.34,Other
852,4059,909,2025-04-03,372.84,Other
853,11234,913,2025-05-07,110.33,Defective
854,3759,1127,2025-03-09,108.13,Defective
855,18766,375,2024-11-19,230.55,Customer Return
856,11369,316,2025-03-10,44.15,Wrong Item
857,18960,758,2024-11-11,435.84,Customer Return
858,15567,682,2025-03-17,133.21,Wrong Item
859,7382,828,2024-11-15,89.34,Other
860,9151,1425,2025-07-29,249.65,Wrong Item
861,5802,1083,2025-01-21,264.29,Customer Return
862,9843,555,2024-12-03,208.79,Other
863,9958,587,2024-10-04,99.92,Other
864,8033,1521,2025-08-25,16.98,Wrong Item
865,14475,1561,2025-08-04,321.4,Customer Return
866,16742,1486,2025-04-13,362.85,Other
867,6452,1248,2024-12-25,406.61,Wrong Item
868,6174,1111,2025-05-09,369.71,Wrong Item
869,9082,98,2024-10-01,439.0,Wrong Item
870,14028,1458,2025-07-13,423.21,Other
871,18607,1367,2025-07-12,301.04,Other
872,16292,383,2025-02-08,12.85,Customer Return
873,7667,1117,2025-05-31,6.41,Customer Return
874,16904,979,2024-10-07,397.33,Customer Return
875,14910,1068,2024-10-18,27.83,Wrong Item
876,4576,316,2025-01-06,234.51,Other
877,4322,1667,2025-04-09,261.63,Other
878,19079,873,2025-02-01,289.64,Defective
879,16548,1021,2025-03-18,216.32,Wrong Item
880,19144,1237,2024-12-16,353.54,Wrong Item
881,1389,1567,2025-05-29,499.69,Customer Return
882,2443,1199,2024-11-18,322.62,Other
883,16199,1918,2024-12-19,398.84,Wrong Item
884,18626,283,2025-02-08,42.65,Wrong Item
885,9063,633,2024-09-21,18.76,Wrong Item
886,16267,712,2025-07-22,249.66,Defective
887,7259,471,2025-04-07,439.41,Customer Return
888,4651,543,2025-03-13,373.58,Customer Return
889,6233,766,2024-09-27,270.1,Other
890,8402,1017,2025-06-11,334.55,Wrong Item
891,9377,590,2025-02-07,430.21,Defective
892,4708,152,2024-12-28,388.49,Defective
893,6408,382,2025-07-30,127.1,Customer Return
894,11224,739,2025-01-07,296.01,Customer Return
895,4904,1797,2025-06-09,462.14,Wrong Item
896,2751,1426,2025-04-28,303.91,Customer Return
897,11805,530,2024-12-30,474.81,Wrong Item
898,6224,1548,2024-11-11,341.23,Wrong Item
899,2167,503,2025-01-10,166.93,Wrong Item
900,571,1074,2025-03-13,29.31,Defective
901,18192,1125,2025-08-16,19.51,Defective
902,9178,1945,2024-09-27,279.52,Customer Return
903,19120,1815,2025-03-29,116.48,Customer Return
904,9372,1413,2024-12-22,382.24,Other
905,16000,1942,2024-10-15,346.51,Customer Return
906,16567,1464,2025-06-08,116.01,Customer Return
907,14646,666,2025-02-16,320.42,Wrong Item
908,18882,1706,2024-11-21,137.14,Defective
909,5354,812,2024-12-21,38.55,Other
910,11843,1805,2025-03-01,322.19,Customer Return
911,9218,1759,2025-07-02,449.3,Customer Return
912,16362,853,2025-05-03,301.76,Wrong Item
913,14017,1630,2024-11-21,106.02,Customer Return
914,19790,327,2025-02-17,183.88,Wrong Item
915,3309,942,2024-11-06,274.31,Customer Return
916,19125,503,2025-06-24,279.8,Customer Return
917,13895,1779,2025-06-07,416.46,Other
918,13938,1044,2025-04-12,350.12,Wrong Item
919,8200,1317,2024-11-19,237.37,Defective
920,10443,1813,2025-02-13,124.82,Defective
921,4056,1149,2025-03-16,181.61,Customer Return
922,3240,1256,2025-03-19,384.11,Customer Return
923,17531,1443,2025-03-21,84.58,Defective
924,9182,738,2025-08-08,461.47,Other
925,16312,695,2025-05-07,51.39,Wrong Item
926,10239,675,2025-05-11,167.24,Wrong Item
927,17364,340,2025-01-30,433.46,Defective
928,19923,143,2024-10-02,404.5,Customer Return
929,13391,415,2025-03-24,94.87,Customer Return
930,2005,535,2025-03-27,393.37,Defective
931,15180,1300,2025-06-16,278.17,Wrong Item
932,1775,1477,2024-12-06,69.17,Customer Return
933,4454,165,2025-03-10,190.78,Wrong Item
934,5736,714,2025-05-04,357.11,Other
935,15345,1836,2025-06-17,288.24,Customer Return
936,496,246,2025-01-11,196.66,Wrong Item
937,11648,1887,2024-12-29,183.66,Other
938,14877,734,2024-12-23,357.21,Other
939,7634,979,2025-01-04,443.42,Other
940,10700,1079,2025-02-24,19.4,Wrong Item
941,15629,462,2025-01-20,393.67,Other
942,15576,1379,2024-10-10,423.23,Wrong Item
943,3939,559,2025-05-12,471.01,Other
944,5650,963,2025-01-14,321.23,Defective
945,15552,106,2024-10-05,357.47,Defective
946,913,1561,2025-01-20,493.16,Defective
947,9150,1175,2025-02-05,389.28,Defective
948,12906,922,2025-07-29,277.6,Other
949,5017,902,2024-12-27,33.27,Customer Return
950,14244,1942,2025-01-10,215.57,Defective
951,2957,1767,2024-11-06,456.26,Defective
952,19885,1649,2025-07-02,176.7,Other
953,13743,210,2024-10-18,43.12,Wrong Item
954,1508,695,2025-04-05,170.04,Other
955,12525,1588,2024-09-27,110.09,Defective
956,3356,1986,2024-11-15,337.67,Other
957,13973,1507,2025-08-24,15.8,Defective
958,17154,1111,2025-05-29,177.36,Customer Return
959,10065,1954,2024-09-29,199.3,Defective
960,11572,1458,2025-02-07,394.89,Defective
961,4730,69,2025-05-26,53.64,Other
962,3513,68,2025-05-16,114.69,Customer Return
963,9622,592,2025-04-15,388.77,Customer Return
964,17741,1798,2025-03-18,305.89,Other
965,9687,1940,2025-07-29,152.99,Other
966,17084,1906,2024-11-13,121.61,Other
967,3394,681,2025-09-09,251.91,Customer Return
968,8594,98,2025-04-03,86.4,Wrong Item
969,2933,49,2025-01-17,321.96,Wrong Item
970,7018,1073,2025-08-12,311.89,Defective
971,14420,1031,2025-04-10,137.68,Other
972,10580,837,2025-05-09,360.15,Wrong Item
973,2474,752,2025-06-27,208.86,Wrong Item
974,16897,300,2025-02-15,202.43,Other
975,327,155,2024-11-05,147.22,Wrong Item
976,16581,486,2025-08-28,498.75,Wrong Item
977,6511,1663,2025-01-07,497.98,Defective
978,11348,1254,2025-01-21,450.99,Defective
979,3097,1625,2025-03-25,385.36,Other
980,4517,1475,2025-01-01,212.53,Other
981,14354,1186,2025-04-10,498.24,Defective
982,8048,1453,2025-05-18,37.49,Defective
983,11913,235,2024-12-30,466.06,Wrong Item
984,18572,1214,2024-10-29,259.28,Defective
985,2189,440,2025-07-25,80.67,Wrong Item
986,2874,68,2025-03-03,166.76,Other
987,9648,346,2025-06-15,496.36,Defective
988,15043,172,2025-06-14,486.32,Other
989,7858,620,2025-02-12,138.02,Other
990,6668,1180,2025-04-05,494.01,Wrong Item
991,19410,1157,2024-12-13,257.28,Customer Return
992,11848,1342,2025-07-17,202.7,Wrong Item
993,8245,937,2024-10-03,220.71,Wrong Item
994,12055,113,2025-03-29,442.88,Defective
995,12372,1072,2024-10-05,93.91,Customer Return
996,15762,1560,2025-06-02,242.89,Customer Return
997,14261,1579,2025-04-30,236.67,Defective
998,9460,1186,2024-09-27,409.22,Other
999,12002,1987,2025-04-13,19.95,Defective
1000,11929,367,2025-01-12,242.28,Defective
1001,10796,1820,2025-01-06,315.01,Customer Return
1002,15304,232,2025-05-17,114.88,Defective
1003,1283,934,2025-06-04,490.92,Customer Return
1004,14124,154,2025-08-17,398.36,Other
1005,10409,594,2025-08-16,45.21,Defective
1006,10501,1675,2024-10-12,475.24,Wrong Item
1007,19345,405,2025-02-06,412.49,Other
1008,19183,823,2024-10-08,483.57,Wrong Item
1009,12139,1302,2025-06-02,450.85,Other
1010,2026,1216,2024-11-13,346.35,Defective
1011,8235,1164,2025-06-28,372.49,Customer Return
1012,11402,1491,2025-02-02,320.51,Defective
1013,13361,373,2025-04-14,432.82,Customer Return
1014,19028,309,2025-05-01,107.48,Customer Return
1015,8000,384,2025-01-24,322.6,Other
1016,11570,87,2024-12-17,15.8,Other
1017,16396,216,2025-09-07,73.21,Defective
1018,2705,1425,2025-09-04,172.35,Defective
1019,9421,1445,2025-06-26,124.68,Customer Return
1020,1279,433,2025-08-04,402.04,Defective
1021,10636,305,2025-05-17,223.3,Defective
1022,10885,336,2025-03-30,117.33,Other
1023,9330,1464,2024-09-20,277.08,Wrong Item
1024,2052,487,2025-05-08,358.48,Wrong Item
1025,15460,926,2024-09-28,21.54,Customer Return
1026,1076,1892,2025-09-03,330.0,Customer Return
1027,2629,381,2025-02-12,179.29,Customer Return
1028,18032,1283,2025-08-31,187.65,Wrong Item
1029,2014,1370,2025-09-05,193.76,Defective
1030,5342,384,2025-07-06,196.34,Other
1031,6497,1494,2025-05-07,28.2,Other
1032,2312,572,2025-08-02,480.44,Customer Return
1033,13546,378,2025-07-31,147.34,Defective
1034,17429,767,2024-10-02,284.93,Customer Return
1035,14923,448,2024-10-28,223.67,Defective
1036,682,246,2025-09-05,315.65,Defective
1037,5673,1283,2025-08-27,105.37,Defective
1038,14755,1125,2025-07-29,433.09,Wrong Item
1039,16100,347,2025-07-21,47.66,Other
1040,18730,1241,2025-03-10,326.15,Other
1041,6162,1584,2025-05-15,380.91,Defective
1042,2162,1079,2025-04-26,485.97,Defective
1043,16879,72,2025-06-30,249.82,Customer Return
1044,6596,1609,2025-01-30,251.34,Defective
1045,15106,971,2024-09-24,303.17,Customer Return
1046,8716,1828,2025-03-02,331.68,Defective
1047,15746,715,2025-04-26,154.76,Wrong Item
1048,19635,1900,2025-02-27,403.29,Defective
1049,3954,1130,2025-08-07,226.09,Other
1050,19651,735,2025-07-22,394.26,Other
1051,6835,1270,2024-09-28,384.07,Customer Return
1052,18413,1928,2024-09-16,408.48,Wrong Item
1053,2654,1821,2025-08-21,261.71,Customer Return
1054,6244,75,2025-05-04,347.96,Customer Return
1055,5939,1815,2024-10-07,418.31,Defective
1056,8283,905,2025-05-22,235.3,Wrong Item
1057,18605,1317,2025-07-02,348.2,Customer Return
1058,10509,1720,2024-11-17,211.07,Customer Return
1059,3081,678,2025-06-10,213.44,Other
1060,16057,245,2025-09-02,387.7,Defective
1061,3633,1175,2024-11-02,68.23,Customer Return
1062,6347,768,2025-05-20,440.28,Wrong Item
1063,3808,1218,2025-08-24,294.59,Wrong Item
1064,8770,151,2024-10-18,183.42,Defective
1065,8099,1918,2025-04-23,107.38,Other
1066,3021,158,2024-09-29,458.19,Other
1067,10820,1290,2025-03-13,382.86,Customer Return
1068,16408,565,2024-09-15,156.36,Defective
1069,8838,822,2025-07-23,411.45,Other
1070,9028,791,2024-09-13,329.56,Wrong Item
1071,11729,362,2025-06-10,426.06,Customer Return
1072,8478,1723,2024-10-31,179.73,Defective
1073,9915,73,2025-04-09,186.88,Customer Return
1074,6218,1482,2024-09-12,475.51,Customer Return
1075,18895,787,2025-07-07,93.1,Defective
1076,3674,535,2025-01-12,136.88,Defective
1077,16875,646,2025-05-30,44.04,Defective
1078,8436,1411,2025-08-21,471.79,Customer Return
1079,4143,288,2025-07-21,383.14,Other
1080,19403,45,2025-06-16,169.63,Other
1081,16710,442,2025-01-28,469.4,Defective
1082,10528,466,2025-08-19,91.35,Defective
1083,3378,1003,2025-01-09,308.23,Customer Return
1084,14470,341,2025-02-25,158.35,Customer Return
1085,13795,582,2025-01-22,373.03,Wrong Item
1086,17514,97,2024-11-20,463.74,Defective
1087,8647,1259,2025-05-22,449.3,Other
1088,19237,681,2025-06-03,442.28,Wrong Item
1089,1552,906,2025-03-24,261.54,Defective
1090,3824,778,2025-07-27,16.35,Wrong Item
1091,13249,589,2025-06-01,482.12,Defective
1092,385,1566,2025-04-21,449.98,Customer Return
1093,11221,1865,2024-12-22,454.55,Other
1094,8990,1979,2024-11-09,466.53,Wrong Item
1095,16794,1784,2025-05-15,216.84,Defective
1096,18401,575,2024-11-09,493.1,Customer Return
1097,6844,1220,2025-01-17,226.46,Defective
1098,12615,1839,2025-06-03,468.1,Wrong Item
1099,11329,82,2025-03-10,209.17,Wrong Item
1100,11015,1595,2025-04-26,216.41,Wrong Item
1101,17785,397,2025-02-09,432.54,Customer Return
1102,16889,1361,2025-02-14,346.29,Defective
1103,5983,638,2025-05-30,458.69,Other
1104,19065,1627,2025-03-13,341.31,Wrong Item
1105,19870,793,2025-01-18,494.99,Customer Return
1106,2363,55,2025-03-05,104.7,Wrong Item
1107,7705,181,2025-02-08,117.0,Other
1108,15271,486,2025-07-13,230.61,Customer Return
1109,4640,1624,2024-11-07,305.93,Customer Return
1110,14208,1232,2025-09-09,384.14,Wrong Item
1111,18759,568,2025-04-23,384.72,Defective
1112,13718,287,2025-03-12,47.75,Wrong Item
1113,1511,321,2024-09-28,408.79,Other
1114,1834,1385,2025-08-29,23.81,Other
1115,3246,702,2024-10-15,61.54,Other
1116,11112,1315,2025-07-19,162.17,Defective
1117,8946,1911,2024-12-02,232.52,Defective
1118,5384,1617,2024-12-04,219.49,Defective
1119,9372,918,2024-12-03,110.23,Other
1120,6398,362,2025-03-16,122.88,Customer Return
1121,3511,967,2025-02-25,143.5,Wrong Item
1122,3640,1767,2024-09-19,281.52,Other
1123,14077,647,2025-07-19,333.83,Defective
1124,1767,1754,2025-01-18,73.31,Other
1125,15342,119,2025-04-10,444.74,Other
1126,16628,800,2024-12-13,485.96,Defective
1127,14355,1049,2025-05-25,308.7,Other
1128,858,1441,2025-07-19,372.28,Defective
1129,16828,1294,2025-08-31,102.7,Customer Return
1130,18040,597,2025-07-20,34.75,Customer Return
1131,162,1483,2025-01-16,425.48,Customer Return
1132,3905,484,2025-06-09,401.28,Wrong Item
1133,12706,996,2025-06-29,250.29,Other
1134,18512,127,2025-03-25,290.21,Customer Return
1135,11714,334,2024-11-07,71.96,Other
1136,13170,1090,2025-06-20,438.24,Customer Return
1137,4970,1535,2025-02-04,310.62,Wrong Item
1138,10374,1921,2024-12-12,47.79,Defective
1139,14438,258,2024-11-08,343.06,Defective
1140,18870,49,2025-02-14,319.32,Defective
1141,9954,1486,2025-07-20,112.55,Customer Return
1142,15212,1796,2025-01-07,456.22,Other
1143,17692,1767,2024-11-29,254.55,Defective
1144,4563,938,2025-03-25,336.54,Customer Return
1145,19712,1715,2025-08-05,239.13,Wrong Item
1146,9672,1912,2024-11-22,280.99,Wrong Item
1147,9390,532,2025-01-09,322.11,Wrong Item
1148,7495,123,2025-02-12,244.05,Customer Return
1149,17066,1618,2025-06-17,242.18,Customer Return
1150,17452,859,2025-06-22,161.79,Defective
1151,4852,731,2025-08-22,274.07,Wrong Item
1152,10455,1539,2024-11-09,41.24,Defective
1153,12036,274,2025-03-05,9.56,Defective
1154,13243,238,2025-04-11,340.36,Other
1155,13301,1781,2025-06-23,77.9,Wrong Item
1156,8204,299,2024-10-29,104.31,Customer Return
1157,8959,1887,2025-07-02,32.95,Customer Return
1158,9007,1898,2024-09-19,466.4,Other
1159,8344,1642,2024-09-12,284.59,Defective
1160,4395,90,2025-08-01,184.46,Wrong Item
1161,14174,490,2025-01-14,75.03,Other
1162,5438,1048,2024-10-07,180.04,Other
1163,6636,837,2024-10-26,479.75,Other
1164,2972,1929,2025-03-11,262.09,Other
1165,3407,1162,2025-01-25,456.1,Other
1166,4206,1934,2024-12-23,249.69,Other
1167,16787,919,2025-05-14,63.33,Other
1168,5104,1026,2025-01-30,239.09,Customer Return
1169,14988,255,2025-06-13,267.12,Other
1170,8375,506,2025-03-08,461.59,Other
1171,2428,594,2024-10-12,336.95,Wrong Item
1172,16200,805,2025-03-20,203.49,Other
1173,5184,1785,2024-10-07,48.97,Wrong Item
1174,3929,325,2024-11-09,279.3,Defective
1175,18148,119,2025-07-05,422.89,Wrong Item
1176,4557,243,2025-04-09,237.29,Defective
1177,13973,310,2025-02-10,148.18,Other
1178,1797,1884,2025-06-02,161.99,Wrong Item
1179,1097,1468,2025-07-11,164.43,Other
1180,6916,1878,2024-10-14,26.26,Defective
1181,7630,1701,2024-10-07,241.89,Customer Return
1182,14390,997,2025-03-08,370.53,Wrong Item
1183,14329,1637,2025-09-04,426.32,Wrong Item
1184,12060,248,2024-12-27,78.17,Defective
1185,4508,1325,2024-09-09,68.17,Wrong Item
1186,14869,979,2025-09-04,285.08,Defective
1187,12861,1715,2024-09-14,86.72,Other
1188,4050,1464,2024-09-16,270.64,Other
1189,12398,751,2025-02-02,432.83,Defective
1190,17321,249,2024-09-15,242.3,Defective
1191,19090,1977,2024-11-28,18.64,Customer Return
1192,5039,798,2025-05-04,427.53,Wrong Item
1193,13189,134,2025-06-12,155.5,Wrong Item
1194,4564,217,2024-09-27,457.42,Defective
1195,17764,63,2025-01-23,87.08,Other
1196,19104,592,2025-07-14,369.81,Customer Return
1197,3496,1094,2025-03-02,437.9,Defective
1198,5264,1499,2025-02-26,45.31,Defective
1199,12551,480,2024-11-18,348.85,Other
1200,19677,1875,2024-09-19,131.0,Customer Return
1201,16733,544,2024-09-13,96.14,Customer Return
1202,3820,1819,2025-02-08,69.9,Defective
1203,5730,1975,2024-12-25,313.76,Customer Return
1204,624,1097,2024-12-25,379.74,Other
1205,218,1084,2024-09-09,422.87,Defective
1206,10920,978,2024-11-08,369.25,Defective
1207,11133,319,2024-10-31,9.59,Customer Return
1208,19330,1589,2024-12-30,7.92,Wrong Item
1209,9959,15,2024-12-16,71.67,Customer Return
1210,2555,1366,2025-07-09,238.14,Customer Return
1211,178,1614,2025-07-30,67.91,Defective
1212,1462,823,2025-08-16,295.85,Customer Return
1213,6132,402,2025-02-13,414.35,Other
1214,18943,1609,2024-12-13,274.3,Defective
1215,1853,1273,2025-05-05,437.06,Defective
1216,12695,1369,2024-09-14,311.31,Customer Return
1217,3197,880,2025-05-20,463.0,Other
1218,19576,955,2025-07-04,329.97,Other
1219,7115,929,2025-05-27,151.7,Defective
1220,13628,695,2024-10-16,288.14,Customer Return
1221,11658,1607,2024-10-25,395.7,Other
1222,7575,741,2025-04-25,478.28,Wrong Item
1223,12236,1421,2025-04-26,244.65,Wrong Item
1224,5700,706,2025-08-06,282.89,Other
1225,8228,1445,2025-03-18,152.98,Other
1226,4753,1208,2025-04-18,346.58,Customer Return
1227,17380,1772,2025-03-24,367.96,Other
1228,12191,1316,2024-11-17,33.26,Wrong Item
1229,13974,337,2025-01-22,319.85,Wrong Item
1230,493,1944,2025-05-31,283.65,Wrong Item
1231,13751,1997,2025-03-09,391.86,Wrong Item
1232,16688,1072,2024-10-02,341.39,Customer Return
1233,2404,1888,2025-01-25,23.2,Wrong Item
1234,8628,1567,2025-01-02,133.61,Defective
1235,7060,628,2025-06-19,313.6,Other
1236,2842,403,2025-05-31,407.99,Customer Return
1237,10589,554,2025-05-31,64.66,Wrong Item
1238,14825,496,2025-05-25,12.3,Defective
1239,2473,624,2024-11-17,300.51,Customer Return
1240,5756,378,2025-09-08,156.37,Other
1241,18690,802,2024-09-28,254.78,Wrong Item
1242,19048,96,2024-12-29,166.7,Defective
1243,3737,980,2025-05-16,192.7,Customer Return
1244,11882,125,2025-02-21,367.9,Defective
1245,339,1507,2025-02-07,207.59,Other
1246,7283,931,2024-10-04,184.3,Defective
1247,15031,905,2024-09-28,368.99,Customer Return
1248,17732,1037,2025-06-15,45.09,Defective
1249,17882,27,2025-01-07,299.47,Wrong Item
1250,18275,1495,2025-07-05,11.79,Defective
1251,15128,1283,2025-05-26,498.88,Defective
1252,117,637,2025-02-16,212.21,Defective
1253,18808,617,2025-02-26,34.87,Wrong Item
1254,8067,1577,2025-02-26,117.61,Wrong Item
1255,17093,93,2024-09-23,17.11,Customer Return
1256,17519,887,2024-11-30,63.29,Wrong Item
1257,8480,815,2025-08-25,341.68,Defective
1258,681,1369,2024-12-30,184.26,Customer Return
1259,12013,1463,2025-02-02,202.45,Other
1260,15256,1927,2025-07-30,246.92,Wrong Item
1261,4922,880,2025-04-04,142.52,Other
1262,15989,1731,2025-04-02,436.76,Wrong Item
1263,17197,25,2025-07-12,240.52,Other
1264,618,1903,2025-01-24,12.69,Wrong Item
1265,7310,1989,2025-02-09,209.12,Defective
1266,14622,1233,2025-07-19,265.72,Customer Return
1267,8531,652,2024-12-03,480.8,Defective
1268,15073,599,2024-12-03,274.53,Wrong Item
1269,17355,283,2025-04-29,417.33,Wrong Item
1270,15391,383,2025-08-08,288.88,Other
1271,12045,1202,2025-01-09,118.68,Defective
1272,5358,715,2025-08-30,485.27,Wrong Item
1273,10857,1413,2025-04-22,360.94,Other
1274,15969,883,2025-09-04,484.26,Other
1275,16962,53,2025-01-30,15.64,Wrong Item
1276,8140,1006,2025-02-20,250.56,Other
1277,5169,1823,2024-10-06,39.61,Wrong Item
1278,9548,1325,2025-02-13,144.36,Customer Return
1279,2857,1012,2025-08-02,396.33,Customer Return
1280,329,940,2024-09-26,273.63,Wrong Item
1281,13580,1878,2025-03-28,314.28,Other
1282,11885,1957,2025-03-10,23.34,Customer Return
1283,19799,93,2024-12-30,108.92,Other
1284,6789,1323,2024-12-04,55.14,Customer Return
1285,3909,1236,2024-10-18,343.8,Other
1286,19768,139,2025-06-28,109.95,Customer Return
1287,13867,955,2024-10-20,243.01,Other
1288,12176,155,2025-01-30,142.03,Customer Return
1289,19881,380,2025-02-18,367.24,Other
1290,817,726,2025-01-02,423.69,Wrong Item
1291,7255,1905,2025-03-25,479.56,Defective
1292,10004,1736,2024-10-16,238.16,Other
1293,8331,245,2025-05-06,58.13,Defective
1294,14654,155,2024-11-29,309.88,Defective
1295,270,68,2025-04-17,342.43,Other
1296,7094,90,2025-02-09,60.16,Other
1297,17249,1514,2024-10-21,350.8,Wrong Item
1298,19235,749,2024-12-29,340.61,Wrong Item
1299,11669,1541,2024-11-15,67.47,Defective
1300,18407,415,2024-12-08,350.68,Other
1301,5291,829,2025-01-28,172.95,Defective
1302,7830,868,2024-09-18,192.01,Wrong Item
1303,8376,13,2025-02-19,497.66,Other
1304,856,1420,2025-03-23,346.61,Other
1305,10044,582,2025-03-19,38.59,Wrong Item
1306,15568,1493,2025-09-01,486.9,Customer Return
1307,11873,168,2025-05-04,454.47,Customer Return
1308,6862,470,2024-10-18,141.16,Other
1309,2951,1393,2025-05-13,336.74,Other
1310,14702,18,2025-05-11,369.87,Other
1311,5677,1421,2025-06-04,369.14,Wrong Item
1312,10248,881,2025-01-16,476.41,Defective
1313,18556,580,2025-02-17,299.69,Customer Return
1314,9075,770,2025-08-07,231.74,Customer Return
1315,10777,100,2025-08-16,72.39,Wrong Item
1316,3601,1261,2025-03-17,85.6,Wrong Item
1317,5943,1891,2024-12-07,158.99,Customer Return
1318,9646,885,2025-04-08,286.4,Customer Return
1319,3491,1509,2024-12-06,404.81,Other
1320,5889,339,2025-05-28,420.37,Customer Return
1321,9491,815,2025-03-25,31.11,Other
1322,14244,2,2025-07-07,307.35,Customer Return
1323,15797,442,2025-06-16,145.56,Other
1324,728,1192,2025-02-28,415.72,Other
1325,9056,1121,2024-11-05,292.03,Defective
1326,8990,1157,2025-01-24,223.72,Wrong Item
1327,4131,609,2025-08-14,456.18,Defective
1328,17361,69,2025-02-15,429.57,Wrong Item
1329,18074,1889,2025-01-23,274.9,Customer Return
1330,1456,362,2024-09-16,420.65,Other
1331,10723,1914,2024-09-22,423.25,Other
1332,10574,1181,2025-04-15,126.57,Defective
1333,9855,421,2025-07-11,498.71,Other
1334,19524,645,2025-03-14,200.33,Customer Return
1335,8728,1809,2025-01-25,256.67,Defective
1336,12454,1222,2025-03-15,20.84,Customer Return
1337,2390,21,2025-01-08,197.02,Defective
1338,7845,131,2025-04-01,330.1,Wrong Item
1339,6124,578,2025-04-06,5.56,Defective
1340,5718,615,2024-10-04,260.19,Defective
1341,8798,194,2025-01-12,437.22,Defective
1342,7926,265,2024-11-06,172.94,Defective
1343,8486,1515,2024-10-07,401.25,Wrong Item
1344,4234,1274,2024-10-30,232.7,Wrong Item
1345,12853,801,2025-03-21,383.84,Other
1346,11334,238,2024-11-05,375.47,Customer Return
1347,3498,228,2025-01-09,138.14,Other
1348,10537,44,2024-10-27,110.69,Defective
1349,16552,1289,2024-10-10,267.34,Other
1350,5718,768,2024-12-17,170.83,Customer Return
1351,5296,1191,2025-01-27,409.45,Defective
1352,2238,17,2024-10-11,498.99,Customer Return
1353,2092,24,2025-03-11,99.02,Wrong Item
1354,3030,397,2025-04-01,478.34,Other
1355,14290,1743,2024-09-26,497.93,Wrong Item
1356,3060,1270,2025-05-19,497.25,Other
1357,18058,601,2025-07-16,16.97,Wrong Item
1358,12969,549,2024-12-08,24.21,Wrong Item
1359,4629,1978,2025-07-09,226.36,Wrong Item
1360,15509,1968,2025-01-14,247.3,Other
1361,16259,1614,2024-09-29,94.14,Customer Return
1362,19030,663,2025-07-08,486.07,Other
1363,16636,1260,2025-07-11,28.14,Customer Return
1364,4386,857,2024-10-21,272.13,Customer Return
1365,2509,63,2025-03-24,244.65,Wrong Item
1366,87,532,2025-05-01,301.79,Defective
1367,12878,1623,2025-03-26,33.3,Other
1368,14361,1987,2025-04-01,412.21,Wrong Item
1369,630,216,2025-05-23,443.35,Other
1370,13068,614,2024-12-20,287.29,Customer Return
1371,12076,1986,2025-02-24,278.8,Wrong Item
1372,14869,1404,2025-04-14,107.98,Customer Return
1373,8152,202,2024-10-16,338.14,Customer Return
1374,2849,1062,2025-06-24,374.6,Wrong Item
1375,19923,1955,2024-12-12,59.01,Wrong Item
1376,10132,1400,2024-11-08,306.53,Other
1377,12473,1381,2025-04-26,281.22,Other
1378,1221,257,2025-07-07,366.13,Wrong Item
1379,2853,1337,2024-10-15,53.97,Wrong Item
1380,11352,1677,2024-10-03,250.05,Other
1381,13928,132,2024-12-14,227.98,Customer Return
1382,8525,1581,2025-05-25,436.45,Customer Return
1383,10016,1627,2025-08-28,145.56,Wrong Item
1384,12211,974,2024-09-14,59.1,Other
1385,19874,1978,2025-02-04,94.89,Wrong Item
1386,1659,136,2024-12-17,322.43,Wrong Item
1387,15796,1420,2025-01-05,200.65,Defective
1388,5288,1088,2025-05-03,445.32,Wrong Item
1389,166,1424,2025-05-26,499.62,Defective
1390,5115,1787,2025-05-06,471.46,Customer Return
1391,16189,492,2025-03-11,326.82,Other
1392,2381,1709,2025-04-04,158.66,Customer Return
1393,2048,1596,2025-07-17,323.62,Defective
1394,9106,1556,2025-03-03,180.57,Defective
1395,4824,1125,2025-02-16,421.83,Customer Return
1396,2051,552,2024-12-20,245.64,Defective
1397,6630,1129,2025-05-16,303.63,Wrong Item
1398,14680,1459,2025-02-07,89.97,Other
1399,18325,901,2025-06-25,7.07,Customer Return
1400,14790,1067,2025-07-12,476.42,Wrong Item
1401,15224,650,2025-07-19,333.82,Customer Return
1402,8846,1876,2025-03-20,468.04,Wrong Item
1403,1906,998,2024-12-14,488.57,Customer Return
1404,17029,1575,2025-06-04,238.7,Other
1405,17359,815,2025-05-27,339.88,Other
1406,7639,1547,2025-05-28,405.14,Customer Return
1407,9570,384,2025-03-23,448.43,Other
1408,6061,1185,2025-04-21,478.49,Wrong Item
1409,2735,1982,2024-11-24,92.05,Customer Return
1410,10774,586,2025-02-22,276.06,Customer Return
1411,14121,1983,2024-12-30,288.7,Wrong Item
1412,6742,805,2025-05-10,383.77,Other
1413,11489,920,2025-08-17,295.18,Wrong Item
1414,10136,1596,2025-04-18,464.85,Defective
1415,7785,412,2025-05-21,499.09,Wrong Item
1416,15282,310,2025-05-03,490.83,Customer Return
1417,18602,509,2024-11-14,463.0,Other
1418,6568,1120,2025-05-28,23.3,Defective
1419,6101,1835,2024-11-28,233.53,Defective
1420,514,805,2024-10-06,130.68,Customer Return
1421,14694,1660,2025-01-25,386.25,Customer Return
1422,2794,29,2024-09-12,342.77,Defective
1423,490,282,2025-09-05,495.38,Other
1424,4567,394,2025-03-16,197.28,Wrong Item
1425,17923,1131,2025-03-02,92.84,Customer Return
1426,12638,1299,2025-06-30,30.11,Customer Return
1427,17310,1791,2024-12-07,460.18,Customer Return
1428,17059,1894,2025-08-15,90.38,Customer Return
1429,5152,1412,2024-10-05,288.16,Defective
1430,973,815,2025-02-22,312.85,Customer Return
1431,6869,888,2025-02-07,41.41,Wrong Item
1432,6722,1665,2025-04-03,8.85,Other
1433,3442,1877,2024-12-15,257.36,Other
1434,17669,763,2025-07-13,451.5,Customer Return
1435,11815,1525,2025-06-17,234.09,Defective
1436,17213,1050,2025-07-28,279.0,Customer Return
1437,19535,866,2025-01-24,151.45,Wrong Item
1438,19419,1383,2024-10-23,369.03,Customer Return
1439,11547,1319,2025-08-04,252.13,Wrong Item
1440,2751,624,2025-03-27,386.01,Defective
1441,2727,1040,2025-04-22,414.56,Other
1442,14431,1538,2025-02-17,62.17,Customer Return
1443,12797,91,2024-12-03,74.78,Wrong Item
1444,12164,1915,2025-05-04,394.55,Wrong Item
1445,2497,371,2025-02-27,376.57,Defective
1446,11963,1913,2025-06-24,162.78,Wrong Item
1447,11423,1816,2025-06-26,305.28,Defective
1448,12434,1520,2025-01-23,130.1,Other
1449,5006,71,2025-09-01,148.94,Customer Return
1450,15301,925,2024-10-25,7.99,Defective
1451,7926,1888,2025-04-10,245.91,Customer Return
1452,14945,643,2024-11-03,434.36,Other
1453,12265,1877,2025-01-23,73.03,Customer Return
1454,933,2,2024-11-14,397.7,Defective
1455,9909,1914,2024-10-04,161.72,Customer Return
1456,8864,1449,2024-12-16,246.8,Wrong Item
1457,206,1145,2025-04-10,184.05,Wrong Item
1458,305,669,2025-04-16,52.7,Defective
1459,19223,371,2025-08-04,157.33,Defective
1460,29,1303,2024-11-25,303.05,Defective
1461,18847,1530,2024-11-11,181.91,Customer Return
1462,8745,3,2025-01-11,323.88,Other
1463,2891,1768,2025-07-29,11.2,Defective
1464,7064,1379,2025-07-30,61.5,Wrong Item
1465,9563,1902,2024-11-02,40.58,Customer Return
1466,12515,927,2025-01-19,163.1,Other
1467,14239,924,2025-01-07,325.05,Defective
1468,1780,1673,2025-05-07,90.52,Customer Return
1469,9888,1414,2025-06-21,449.17,Wrong Item
1470,14971,1296,2024-11-13,438.13,Wrong Item
1471,18050,1624,2025-03-08,362.76,Defective
1472,5920,944,2025-07-24,339.58,Customer Return
1473,744,502,2025-07-27,275.3,Other
1474,17056,347,2024-12-14,247.28,Wrong Item
1475,12885,511,2025-01-08,219.41,Other
1476,7144,738,2024-09-22,67.5,Wrong Item
1477,19802,1220,2025-03-09,316.68,Wrong Item
1478,15124,1243,2025-05-28,309.22,Other
1479,7786,146,2025-07-06,238.72,Wrong Item
1480,9846,159,2025-07-27,131.88,Defective
1481,8155,674,2025-04-27,230.96,Wrong Item
1482,10531,1661,2025-04-22,265.58,Wrong Item
1483,10053,1687,2024-09-30,384.76,Other
1484,18424,1331,2025-06-09,102.69,Wrong Item
1485,11710,408,2025-08-29,136.29,Other
1486,863,782,2024-10-15,65.5,Wrong Item
1487,13111,1402,2025-04-17,466.78,Defective
1488,12172,1047,2024-09-11,190.85,Wrong Item
1489,5147,546,2025-07-23,139.7,Other
1490,4349,634,2025-07-01,162.88,Defective
1491,9002,760,2025-07-30,334.2,Wrong Item
1492,15077,1188,2025-02-01,161.99,Wrong Item
1493,1839,806,2024-11-21,146.67,Wrong Item
1494,15101,505,2025-08-27,440.52,Wrong Item
1495,13743,635,2025-05-17,423.51,Other
1496,1121,1186,2025-01-21,237.38,Defective
1497,19199,1176,2025-03-28,159.05,Wrong Item
1498,6353,1184,2025-01-09,188.67,Wrong Item
1499,1247,1152,2024-12-01,437.11,Defective
1500,251,1851,2025-07-19,102.23,Other
1501,2198,168,2025-03-05,54.94,Customer Return
1502,9525,371,2025-03-28,238.06,Wrong Item
1503,2079,675,2024-12-27,54.06,Other
1504,3491,1690,2025-04-11,168.97,Wrong Item
1505,12295,1913,2025-06-28,140.32,Customer Return
1506,17853,1754,2025-02-01,242.73,Defective
1507,7119,353,2025-03-09,135.69,Wrong Item
1508,11571,45,2025-03-15,415.69,Customer Return
1509,18519,956,2024-12-28,446.12,Other
1510,17391,1174,2025-04-15,318.25,Other
1511,8677,489,2025-03-24,479.26,Customer Return
1512,2910,1238,2025-03-13,81.67,Other
1513,12286,1697,2025-02-14,435.19,Defective
1514,5678,1049,2025-05-10,359.48,Other
1515,14771,1518,2025-06-18,462.9,Customer Return
1516,15188,346,2025-07-14,364.97,Defective
1517,3472,717,2025-03-01,384.35,Wrong Item
1518,18617,538,2025-03-14,152.12,Wrong Item
1519,1153,539,2025-01-01,475.43,Customer Return
1520,2592,1984,2025-06-21,120.72,Other
1521,15708,1439,2025-03-15,283.74,Other
1522,2057,220,2025-04-19,185.18,Wrong Item
1523,7909,1419,2025-01-30,39.11,Customer Return
1524,12507,497,2025-04-15,447.13,Customer Return
1525,14474,1824,2024-09-23,370.6,Wrong Item
1526,16644,1227,2025-05-12,48.64,Other
1527,19004,871,2025-01-06,226.7,Customer Return
1528,3010,1761,2025-01-26,194.65,Customer Return
1529,17287,419,2025-08-06,141.51,Defective
1530,5544,453,2024-10-13,213.94,Other
1531,1814,1487,2025-02-09,187.2,Customer Return
1532,18379,1418,2025-02-19,118.23,Customer Return
1533,11061,1847,2025-08-19,465.09,Wrong Item
1534,4003,1477,2025-01-25,117.12,Customer Return
1535,4488,893,2025-05-30,84.87,Wrong Item
1536,17831,1458,2025-05-16,331.93,Defective
1537,15910,1742,2024-09-26,399.02,Defective
1538,16237,200,2025-02-08,99.64,Defective
1539,14110,1350,2024-10-07,176.47,Defective
1540,12577,972,2024-10-26,181.1,Other
1541,10861,589,2024-10-22,51.31,Defective
1542,9116,812,2024-09-11,212.48,Wrong Item
1543,545,836,2025-01-23,398.76,Other
1544,2042,838,2025-02-13,323.29,Defective
1545,19392,753,2024-09-22,210.39,Other
1546,18765,1335,2025-03-09,63.48,Wrong Item
1547,14073,525,2025-06-20,393.27,Defective
1548,6707,193,2024-11-17,361.91,Other
1549,6982,388,2024-11-19,138.95,Defective
1550,4612,180,2024-12-27,402.3,Customer Return
1551,18765,988,2025-02-03,321.29,Defective
1552,16525,1086,2025-04-01,129.96,Defective
1553,6727,1818,2024-09-24,399.22,Customer Return
1554,10027,28,2025-07-19,423.92,Customer Return
1555,12170,847,2025-04-29,212.42,Other
1556,11817,1800,2024-11-13,98.63,Wrong Item
1557,18238,686,2025-05-16,334.89,Customer Return
1558,6367,1000,2025-05-24,129.31,Wrong Item
1559,16779,834,2024-10-17,274.39,Other
1560,10633,539,2024-10-24,281.36,Other
1561,1970,1697,2025-01-26,376.01,Defective
1562,6756,1908,2025-08-16,264.35,Other
1563,13216,1018,2025-02-28,118.22,Customer Return
1564,15768,1527,2025-03-24,422.08,Wrong Item
1565,2384,1483,2025-07-26,99.56,Customer Return
1566,4987,682,2024-09-14,401.52,Wrong Item
1567,7449,18,2025-06-11,89.94,Defective
1568,13603,1050,2024-12-07,11.55,Defective
1569,10068,1162,2025-01-14,96.25,Wrong Item
1570,5988,190,2025-03-30,418.72,Wrong Item
1571,7712,1614,2025-08-18,191.2,Other
1572,3624,1076,2025-06-26,261.22,Defective
1573,5500,1839,2025-08-17,167.35,Other
1574,18359,1374,2025-02-01,181.14,Wrong Item
1575,19152,1996,2025-04-21,350.33,Customer Return
1576,17713,1165,2025-08-08,102.7,Customer Return
1577,18916,35,2025-07-09,467.52,Customer Return
1578,16138,1872,2024-10-22,211.58,Customer Return
1579,7131,1066,2024-12-19,105.42,Defective
1580,13442,373,2025-03-01,361.37,Customer Return
1581,12356,1368,2025-05-27,236.99,Customer Return
1582,12396,1541,2024-12-05,58.55,Wrong Item
1583,17699,530,2025-05-04,353.59,Customer Return
1584,13888,268,2025-02-12,258.56,Customer Return
1585,6209,568,2025-07-09,101.25,Other
1586,5204,267,2024-12-22,7.4,Customer Return
1587,12025,901,2025-03-20,217.45,Other
1588,3761,210,2024-10-30,202.86,Wrong Item
1589,7896,533,2025-03-08,298.74,Wrong Item
1590,712,1292,2025-08-08,119.17,Customer Return
1591,9448,1866,2025-03-04,140.73,Defective
1592,17939,378,2024-10-08,260.83,Other
1593,7395,1806,2025-07-20,22.19,Wrong Item
1594,1614,1343,2025-03-06,330.79,Customer Return
1595,11956,1442,2025-01-02,135.86,Defective
1596,3985,283,2024-11-26,95.97,Other
1597,16529,1544,2025-07-06,183.94,Defective
1598,4428,875,2025-02-03,160.97,Other
1599,18786,290,2025-03-05,56.31,Wrong Item
1600,9611,721,2025-06-14,370.09,Customer Return
1601,9204,1966,2025-05-27,76.54,Defective
1602,10642,1326,2024-09-12,58.56,Customer Return
1603,1523,411,2025-04-08,425.05,Customer Return
1604,15011,1322,2025-02-15,181.37,Customer Return
1605,13419,166,2024-09-21,369.25,Customer Return
1606,975,1823,2025-01-10,398.34,Defective
1607,7225,1003,2025-02-13,413.43,Customer Return
1608,13299,818,2024-11-22,451.22,Other
1609,6005,145,2025-06-09,203.69,Customer Return
1610,5007,114,2025-08-30,163.02,Defective
1611,1600,138,2025-04-06,456.1,Other
1612,17091,559,2024-12-17,338.96,Wrong Item
1613,18375,1997,2024-09-30,85.25,Wrong Item
1614,10530,35,2024-09-27,32.99,Customer Return
1615,7433,1656,2025-01-16,190.18,Customer Return
1616,13191,1784,2025-01-01,83.5,Wrong Item
1617,15037,1919,2025-05-14,35.56,Defective
1618,13460,1813,2025-01-31,67.35,Customer Return
1619,6440,185,2025-06-11,361.0,Wrong Item
1620,14946,1875,2025-05-12,168.76,Wrong Item
1621,9010,1625,2025-03-24,157.78,Wrong Item
1622,15397,1652,2025-01-29,53.34,Wrong Item
1623,3292,732,2024-10-15,491.17,Other
1624,17679,1134,2025-04-20,199.69,Customer Return
1625,13762,519,2025-07-30,287.05,Customer Return
1626,17498,1114,2024-09-12,476.48,Customer Return
1627,9019,1707,2025-01-04,331.22,Wrong Item
1628,16632,1741,2025-03-12,301.25,Defective
1629,6354,1190,2025-05-20,471.15,Other
1630,9153,1185,2025-06-17,436.29,Customer Return
1631,855,34,2024-10-20,183.96,Defective
1632,14282,1288,2024-12-19,259.75,Wrong Item
1633,15178,1803,2024-11-23,295.13,Other
1634,18570,759,2024-09-29,7.83,Other
1635,2878,454,2025-01-22,485.13,Defective
1636,2484,232,2025-08-02,265.92,Wrong Item
1637,4642,1608,2024-11-21,18.1,Customer Return
1638,9726,1875,2025-07-29,76.62,Wrong Item
1639,15920,665,2025-08-07,94.63,Wrong Item
1640,3578,1549,2024-11-23,485.05,Defective
1641,1834,193,2024-10-31,396.84,Other
1642,11652,1028,2025-02-20,459.85,Defective
1643,3551,1221,2025-05-07,134.97,Defective
1644,8524,307,2025-08-07,187.78,Wrong Item
1645,14256,1923,2025-02-19,146.52,Defective
1646,10320,119,2024-12-19,401.15,Wrong Item
1647,9358,871,2024-11-12,415.88,Wrong Item
1648,9761,1096,2025-03-03,131.63,Wrong Item
1649,2933,1883,2024-12-31,397.08,Wrong Item
1650,10145,43,2024-11-24,348.05,Wrong Item
1651,16438,231,2024-12-25,182.96,Customer Return
1652,149,396,2024-10-11,370.57,Wrong Item
1653,8211,1650,2025-08-25,98.15,Wrong Item
1654,9979,224,2025-03-25,307.72,Other
1655,18703,341,2025-07-31,413.26,Other
1656,5794,1488,2025-02-05,200.86,Other
1657,17042,122,2024-12-16,94.76,Wrong Item
1658,8439,379,2024-12-21,421.23,Other
1659,16697,1733,2025-05-28,391.97,Other
1660,19494,161,2025-01-01,447.6,Defective
1661,17053,1192,2025-08-06,477.8,Customer Return
1662,12212,1784,2024-11-16,32.43,Other
1663,12059,689,2024-10-13,217.66,Customer Return
1664,2850,647,2025-08-22,428.8,Defective
1665,4681,1615,2025-01-26,274.52,Customer Return
1666,4969,1256,2025-08-20,69.27,Other
1667,13104,1951,2024-12-25,70.41,Other
1668,4910,243,2025-08-31,76.24,Wrong Item
1669,11652,1146,2025-07-07,483.7,Defective
1670,1771,582,2025-01-20,232.18,Defective
1671,15515,1220,2024-10-11,371.5,Customer Return
1672,12288,1537,2025-04-01,487.93,Customer Return
1673,11268,1158,2024-10-18,21.31,Defective
1674,18184,766,2025-01-08,151.66,Defective
1675,12291,1599,2025-08-11,153.85,Other
1676,12909,489,2025-01-16,444.91,Other
1677,2970,996,2025-04-24,496.35,Other
1678,18822,954,2024-11-11,90.14,Defective
1679,15924,635,2025-04-30,51.99,Wrong Item
1680,13701,1159,2025-05-13,13.44,Customer Return
1681,13334,261,2025-01-21,409.13,Wrong Item
1682,982,1316,2025-06-24,71.06,Customer Return
1683,7971,1335,2025-06-11,405.53,Defective
1684,4592,761,2025-03-10,359.6,Defective
1685,18727,1080,2024-12-29,364.17,Other
1686,12113,1526,2024-11-23,62.78,Defective
1687,655,1023,2024-10-07,370.83,Defective
1688,14909,76,2024-09-28,33.26,Customer Return
1689,12646,710,2025-05-22,245.23,Other
1690,15813,1533,2025-06-27,65.02,Customer Return
1691,6759,62,2025-03-13,374.61,Defective
1692,3644,1382,2024-10-29,166.02,Other
1693,4077,1886,2024-09-27,354.13,Defective
1694,19777,727,2025-07-29,46.35,Wrong Item
1695,17931,1175,2025-02-23,442.17,Customer Return
1696,5784,850,2024-12-29,346.01,Customer Return
1697,4485,1542,2025-05-11,255.2,Other
1698,16241,1256,2025-04-13,115.27,Customer Return
1699,16291,21,2025-03-07,112.23,Defective
1700,10476,865,2025-06-26,272.32,Wrong Item
1701,18263,551,2025-01-10,51.17,Wrong Item
1702,17365,939,2025-08-15,76.36,Defective
1703,4515,217,2024-12-02,228.0,Customer Return
1704,10908,1448,2024-11-03,478.96,Other
1705,14581,868,2025-08-13,145.19,Wrong Item
1706,19529,986,2025-03-23,162.65,Defective
1707,13295,31,2025-03-12,276.17,Other
1708,17638,1411,2025-05-27,309.03,Defective
1709,1936,1071,2025-07-27,371.11,Wrong Item
1710,9906,1697,2025-04-04,49.81,Wrong Item
1711,10637,1810,2025-08-10,100.68,Wrong Item
1712,17719,1883,2025-04-02,58.88,Wrong Item
1713,1252,1475,2025-02-16,54.23,Defective
1714,848,1179,2025-05-18,457.08,Customer Return
1715,6935,180,2024-12-03,461.16,Other
1716,13791,916,2025-04-01,310.67,Other
1717,7487,1321,2025-02-18,428.01,Defective
1718,14725,1972,2025-01-15,324.55,Other
1719,13024,1362,2025-02-23,111.16,Wrong Item
1720,17410,1677,2025-05-25,36.34,Wrong Item
1721,7077,1715,2025-01-07,9.21,Wrong Item
1722,7876,1433,2025-05-01,93.49,Wrong Item
1723,19698,709,2025-05-09,35.44,Defective
1724,8443,645,2025-08-20,393.76,Other
1725,1649,556,2025-01-25,46.86,Wrong Item
1726,11199,1749,2024-10-19,13.98,Customer Return
1727,8455,1893,2025-07-11,107.22,Defective
1728,7331,437,2025-02-23,423.7,Other
1729,15309,605,2025-08-02,462.71,Other
1730,9811,1510,2025-02-24,395.24,Wrong Item
1731,224,391,2024-12-25,202.3,Other
1732,10479,1939,2025-06-08,90.43,Other
1733,4255,1945,2025-05-22,24.73,Defective
1734,18925,807,2025-06-11,246.56,Defective
1735,16459,983,2025-05-14,65.49,Customer Return
1736,3829,663,2025-07-09,116.79,Defective
1737,9943,1413,2024-10-16,496.77,Wrong Item
1738,7259,1899,2024-12-09,256.66,Customer Return
1739,12371,258,2025-04-06,228.76,Other
1740,7748,591,2025-05-22,166.02,Customer Return
1741,18721,1263,2024-09-14,414.03,Customer Return
1742,14472,134,2024-10-08,52.04,Defective
1743,8206,171,2024-11-26,108.5,Customer Return
1744,11640,793,2025-02-11,238.56,Wrong Item
1745,5728,1940,2024-11-26,146.21,Wrong Item
1746,18872,1690,2024-10-06,470.46,Defective
1747,15809,1783,2024-12-05,315.72,Wrong Item
1748,6700,163,2025-06-07,468.07,Customer Return
1749,15296,1721,2025-06-12,492.18,Defective
1750,994,773,2025-07-30,214.77,Defective
1751,2932,21,2024-10-19,244.74,Wrong Item
1752,4915,117,2025-02-21,405.43,Wrong Item
1753,16433,1134,2024-09-10,175.87,Other
1754,18276,1057,2024-10-17,240.96,Defective
1755,17468,640,2025-08-19,416.98,Other
1756,5249,1482,2025-06-23,454.28,Wrong Item
1757,2849,1892,2025-07-11,355.42,Wrong Item
1758,13927,1271,2025-09-05,375.8,Other
1759,8584,366,2025-02-03,163.9,Other
1760,197,1332,2025-08-25,34.98,Wrong Item
1761,3914,544,2025-05-04,306.24,Other
1762,11759,1454,2024-10-08,410.48,Customer Return
1763,6218,1261,2025-04-22,40.78,Other
1764,6249,1510,2024-09-14,176.05,Defective
1765,19762,1072,2024-10-01,450.69,Other
1766,5455,1393,2025-01-21,407.48,Other
1767,17104,920,2024-11-09,318.87,Defective
1768,9603,796,2025-01-20,185.08,Wrong Item
1769,1348,1065,2025-05-07,71.57,Wrong Item
1770,3985,267,2024-10-21,476.91,Customer Return
1771,11775,931,2024-11-18,6.46,Other
1772,9224,1078,2025-06-27,77.89,Wrong Item
1773,197,162,2025-09-01,94.71,Other
1774,6449,473,2024-12-07,342.63,Defective
1775,13558,835,2024-12-22,140.15,Customer Return
1776,8597,1254,2025-09-07,132.19,Other
1777,3769,85,2025-06-03,87.46,Customer Return
1778,13986,1148,2025-07-13,287.93,Defective
1779,2978,1397,2025-04-07,428.37,Other
1780,17553,1957,2025-03-28,463.94,Wrong Item
1781,8505,503,2024-09-29,174.87,Defective
1782,16456,1812,2024-10-13,212.5,Wrong Item
1783,17134,125,2024-09-13,94.33,Other
1784,8740,1595,2024-10-26,280.89,Wrong Item
1785,7302,1527,2024-10-17,402.74,Other
1786,12837,96,2025-02-21,222.96,Wrong Item
1787,10270,339,2025-07-07,465.07,Customer Return
1788,15485,596,2025-02-22,154.53,Defective
1789,12926,454,2025-02-25,396.91,Customer Return
1790,13751,329,2025-08-25,212.18,Wrong Item
1791,11861,1182,2025-04-03,384.81,Other
1792,7588,1891,2025-08-19,338.53,Defective
1793,8415,116,2025-05-02,153.88,Other
1794,3112,190,2025-08-02,185.24,Wrong Item
1795,6347,715,2025-03-08,434.36,Other
1796,10306,876,2025-05-21,167.58,Other
1797,15692,16,2025-07-12,330.2,Customer Return
1798,17607,306,2025-08-20,145.68,Other
1799,16773,109,2025-06-01,333.72,Customer Return
1800,14028,243,2025-05-14,452.32,Wrong Item
1801,14392,1412,2025-07-20,128.94,Other
1802,15335,553,2025-03-18,460.84,Defective
1803,17003,963,2025-03-24,71.96,Wrong Item
1804,14427,304,2025-05-15,203.1,Other
1805,4313,1867,2025-05-28,464.0,Defective
1806,18930,726,2025-08-25,76.67,Customer Return
1807,11783,1588,2025-03-17,350.44,Other
1808,11709,920,2024-11-02,134.17,Other
1809,5526,1657,2024-11-07,357.0,Wrong Item
1810,14069,1457,2024-12-29,13.81,Defective
1811,19733,1178,2025-05-10,384.07,Customer Return
1812,5645,1852,2024-10-25,19.7,Wrong Item
1813,15766,200,2025-01-22,351.92,Customer Return
1814,4507,1613,2025-04-28,475.8,Customer Return
1815,15520,1360,2025-09-08,378.44,Defective
1816,18406,1776,2025-08-09,437.87,Wrong Item
1817,2959,1230,2025-08-03,230.66,Wrong Item
1818,14697,1044,2025-09-04,404.43,Wrong Item
1819,9354,969,2024-10-07,472.9,Customer Return
1820,10698,1052,2025-06-28,324.98,Wrong Item
1821,12116,1471,2024-12-10,359.08,Customer Return
1822,18766,113,2025-09-04,437.32,Wrong Item
1823,19948,1104,2025-07-17,243.89,Customer Return
1824,12214,545,2025-06-05,31.46,Customer Return
1825,19229,1588,2025-09-06,196.47,Other
1826,4088,204,2024-09-11,276.5,Other
1827,16860,1294,2025-03-24,461.08,Wrong Item
1828,12798,1636,2025-07-13,396.84,Other
1829,19777,1559,2025-05-08,340.52,Other
1830,10885,1411,2024-11-27,41.81,Other
1831,1683,931,2025-07-03,320.7,Wrong Item
1832,16636,976,2025-05-05,349.07,Customer Return
1833,17496,1155,2025-07-04,459.44,Customer Return
1834,5458,998,2024-10-24,61.67,Customer Return
1835,6183,926,2024-11-08,231.87,Other
1836,8652,67,2025-04-26,17.2,Other
1837,1702,1902,2025-05-09,301.4,Customer Return
1838,19419,1586,2025-02-04,242.33,Wrong Item
1839,14060,519,2025-03-07,74.09,Defective
1840,16098,40,2025-03-18,374.92,Customer Return
1841,13514,1212,2025-01-03,9.38,Other
1842,8521,1010,2025-02-06,259.58,Wrong Item
1843,14569,707,2025-04-15,119.43,Wrong Item
1844,10285,1311,2025-08-27,428.5,Wrong Item
1845,19266,751,2025-08-19,309.11,Customer Return
1846,10775,1829,2025-08-13,151.32,Defective
1847,7292,1587,2025-08-28,43.86,Customer Return
1848,12619,296,2025-02-25,495.26,Defective
1849,11180,1587,2025-06-28,346.05,Defective
1850,9628,1525,2024-12-27,429.53,Customer Return
1851,14445,274,2025-09-01,333.97,Defective
1852,8198,1921,2025-06-23,259.94,Wrong Item
1853,18364,404,2024-11-06,140.02,Defective
1854,7457,356,2024-09-24,194.66,Defective
1855,15162,1186,2025-04-25,195.4,Other
1856,4481,901,2025-02-26,393.12,Customer Return
1857,824,7,2024-11-16,56.38,Defective
1858,18465,772,2025-03-13,362.26,Other
1859,4103,1391,2025-02-10,236.39,Customer Return
1860,4187,1449,2024-09-09,396.64,Defective
1861,11106,905,2025-05-22,9.43,Customer Return
1862,6256,1798,2025-04-17,53.4,Customer Return
1863,9449,406,2025-01-11,75.95,Customer Return
1864,8129,1360,2024-12-17,362.29,Customer Return
1865,7446,998,2024-12-19,279.78,Defective
1866,316,1531,2025-04-07,21.49,Defective
1867,9031,1853,2025-01-05,150.94,Customer Return
1868,10358,34,2025-06-12,359.41,Defective
1869,17809,1389,2025-03-12,187.1,Other
1870,3909,1234,2024-09-28,411.76,Customer Return
1871,17776,813,2025-02-14,453.85,Wrong Item
1872,12741,1415,2024-12-02,268.94,Wrong Item
1873,2750,478,2025-07-09,149.22,Defective
1874,7894,660,2025-02-21,290.4,Defective
1875,18393,1396,2025-01-20,428.95,Defective
1876,7861,1380,2024-10-27,131.73,Defective
1877,18535,1309,2025-05-14,51.06,Defective
1878,11291,697,2024-11-02,304.81,Wrong Item
1879,9635,1158,2025-02-11,443.08,Other
1880,19507,141,2024-09-28,11.18,Customer Return
1881,11381,1570,2024-12-29,274.52,Other
1882,5125,1765,2024-09-12,331.45,Other
1883,4032,1300,2025-06-13,322.71,Defective
1884,18893,63,2025-05-24,188.91,Defective
1885,9448,264,2024-12-13,474.42,Wrong Item
1886,18617,379,2025-01-27,342.85,Wrong Item
1887,18966,537,2025-08-29,156.35,Wrong Item
1888,15879,421,2024-09-12,344.26,Other
1889,3224,1442,2025-05-28,213.83,Customer Return
1890,676,813,2025-03-26,479.42,Defective
1891,1924,1436,2024-11-22,487.15,Customer Return
1892,6896,1466,2025-04-21,46.68,Wrong Item
1893,13248,722,2025-04-05,371.97,Defective
1894,8387,327,2025-02-18,258.81,Other
1895,17556,1836,2025-06-13,184.42,Other
1896,2246,1550,2025-06-19,102.2,Wrong Item
1897,5500,368,2024-09-30,341.08,Defective
1898,8514,1669,2025-06-19,419.05,Wrong Item
1899,5861,1161,2025-02-18,295.42,Defective
1900,13044,844,2025-04-20,295.28,Defective
1901,16828,1824,2025-03-09,198.15,Customer Return
1902,2390,1629,2024-10-17,413.83,Other
1903,14099,487,2024-09-25,37.85,Customer Return
1904,13250,365,2024-11-16,363.0,Wrong Item
1905,17403,53,2024-12-15,376.57,Other
1906,2781,449,2025-03-14,280.55,Customer Return
1907,14620,567,2024-11-08,94.11,Other
1908,17476,1515,2025-07-20,134.34,Defective
1909,17249,1689,2025-08-10,26.37,Defective
1910,7288,1857,2024-10-23,46.16,Wrong Item
1911,2886,20,2025-05-02,320.51,Other
1912,4133,342,2025-02-18,247.58,Wrong Item
1913,18416,471,2025-02-13,384.45,Customer Return
1914,7831,1909,2024-11-17,419.99,Other
1915,11198,307,2025-08-23,371.39,Other
1916,7520,690,2025-04-10,443.97,Customer Return
1917,12269,42,2025-08-30,76.05,Defective
1918,1503,1769,2025-02-20,89.36,Defective
1919,2740,1719,2025-03-29,380.95,Customer Return
1920,12335,936,2025-07-31,49.35,Defective
1921,9481,380,2024-12-27,17.74,Wrong Item
1922,4603,827,2024-09-28,393.96,Other
1923,13144,1015,2024-12-14,19.48,Defective
1924,15072,440,2024-11-13,457.09,Customer Return
1925,13031,34,2025-02-19,380.69,Defective
1926,5530,219,2025-08-04,338.9,Customer Return
1927,3515,1108,2025-06-12,239.76,Other
1928,4315,859,2024-10-20,407.99,Customer Return
1929,5511,1570,2025-08-11,488.54,Wrong Item
1930,5676,285,2024-10-08,28.81,Customer Return
1931,18092,119,2025-07-12,26.89,Defective
1932,14543,1765,2025-06-27,107.84,Wrong Item
1933,11217,905,2024-10-31,259.91,Wrong Item
1934,707,1988,2025-02-11,331.58,Customer Return
1935,19250,510,2025-08-30,44.23,Customer Return
1936,19195,541,2025-05-11,495.09,Defective
1937,11163,154,2025-04-21,163.89,Other
1938,7832,619,2025-06-08,370.57,Defective
1939,19073,621,2024-12-23,20.3,Customer Return
1940,9966,1231,2025-04-18,15.6,Customer Return
1941,3857,644,2025-07-12,482.72,Customer Return
1942,11392,1073,2024-09-21,324.19,Customer Return
1943,12097,1302,2025-03-17,222.1,Wrong Item
1944,10766,1367,2025-02-26,367.72,Other
1945,3044,354,2024-11-03,238.46,Customer Return
1946,13416,1668,2025-08-26,253.39,Defective
1947,14104,1470,2025-01-11,115.4,Defective
1948,8918,1633,2024-10-03,99.54,Defective
1949,17498,266,2025-07-14,17.87,Defective
1950,1161,1398,2025-03-23,380.81,Defective
1951,15263,179,2025-08-28,456.06,Customer Return
1952,12074,1051,2024-09-10,20.22,Customer Return
1953,9515,190,2024-10-19,391.37,Wrong Item
1954,698,1727,2024-10-16,354.19,Wrong Item
1955,1890,621,2025-03-22,167.02,Customer Return
1956,16005,424,2025-06-05,192.95,Customer Return
1957,9691,1058,2025-08-30,194.69,Other
1958,2759,67,2025-08-05,225.87,Customer Return
1959,10754,785,2025-07-01,233.31,Defective
1960,4984,243,2024-10-22,438.89,Other
1961,8147,254,2024-12-02,140.31,Other
1962,5979,1969,2025-02-01,205.32,Other
1963,11413,1227,2025-02-07,9.48,Customer Return
1964,1747,941,2025-03-06,394.52,Wrong Item
1965,17959,256,2024-09-28,473.47,Defective
1966,9533,968,2024-10-20,22.46,Wrong Item
1967,18499,6,2024-12-26,22.37,Customer Return
1968,17787,1950,2025-05-28,37.69,Customer Return
1969,952,1663,2024-09-30,12.87,Wrong Item
1970,1851,145,2025-08-09,334.03,Defective
1971,17989,1606,2024-12-05,104.02,Other
1972,5760,1839,2025-07-22,363.06,Other
1973,13015,996,2025-08-04,110.19,Defective
1974,16729,179,2025-06-22,123.2,Other
1975,15070,1606,2025-07-10,57.55,Defective
1976,8637,1019,2025-04-30,278.35,Other
1977,8972,1302,2024-10-28,493.23,Other
1978,1564,218,2025-05-01,55.12,Wrong Item
1979,13353,860,2025-05-01,167.09,Customer Return
1980,15566,1475,2025-05-03,478.72,Customer Return
1981,3124,288,2025-03-23,152.94,Wrong Item
1982,11689,326,2025-02-16,462.48,Defective
1983,658,1963,2024-11-10,36.16,Defective
1984,13235,1820,2025-05-10,9.02,Other
1985,6077,1427,2025-06-04,97.18,Customer Return
1986,17197,1239,2025-06-09,6.37,Other
1987,4450,537,2024-10-13,213.67,Other
1988,1614,1854,2025-09-08,292.2,Other
1989,7103,1412,2025-01-17,173.52,Wrong Item
1990,10902,403,2024-09-25,283.28,Customer Return
1991,11517,97,2025-03-12,497.08,Defective
1992,11765,653,2025-03-31,285.85,Customer Return
1993,13915,725,2025-04-20,161.35,Customer Return
1994,2694,932,2025-07-30,432.63,Customer Return
1995,11702,562,2024-10-30,490.95,Defective
1996,6586,1260,2025-03-25,138.14,Other
1997,3253,1733,2025-07-21,440.87,Wrong Item
1998,14330,794,2025-03-31,130.94,Defective
1999,13011,1901,2025-07-16,338.68,Wrong Item
2000,17277,383,2025-03-16,369.01,Other
